date,alert_id,alert_start,alert_end,duration,density,nb_anomalies,worst_score,severity,severity_score,alert_type,egauge,register
2026-06-24,0,2026-06-24 16:01:15+00:00,2026-06-24 16:01:15+00:00,0.0,1000000.0,1,-0.2722358087704341,HIGH,0.4816707426311302,Production Anomaly,egauge113530,i11
2026-06-25,1,2026-06-25 23:57:18+00:00,2026-06-25 23:57:20+00:00,2.0,1.499999250000375,3,-0.3158470647102234,HIGH,1.894754119413068,Production Anomaly,egauge113530,i11
2026-06-26,2,2026-06-26 01:51:31+00:00,2026-06-26 01:51:41+00:00,10.0,0.699999930000007,7,-0.3229207218605739,HIGH,5.896876216558173,Production Anomaly,egauge113530,i11
2026-06-27,3,2026-06-27 03:23:25+00:00,2026-06-27 03:23:27+00:00,2.0,1.499999250000375,3,-0.3021963644650242,HIGH,1.890658909339508,Production Anomaly,egauge113530,i11
2026-06-27,4,2026-06-27 06:14:25+00:00,2026-06-27 06:14:26+00:00,1.0,1.999998000002,2,-0.3101047765558438,HIGH,1.1930314329667533,Production Anomaly,egauge113530,i11
2026-06-28,5,2026-06-28 14:42:16+00:00,2026-06-28 14:42:17+00:00,1.0,1.999998000002,2,-0.2903231878758212,HIGH,1.1870969563627465,Production Anomaly,egauge113530,i11
2026-06-29,6,2026-06-29 02:29:26+00:00,2026-06-29 02:29:26+00:00,0.0,1000000.0,1,-0.2942612579595975,HIGH,0.4882783773878792,Production Anomaly,egauge113530,i11
2026-06-29,7,2026-06-29 20:49:03+00:00,2026-06-29 20:49:03+00:00,0.0,1000000.0,1,-0.2912694739094646,HIGH,0.4873808421728394,Production Anomaly,egauge113530,i11
2026-07-01,8,2026-07-01 17:23:16+00:00,2026-07-01 17:23:16+00:00,0.0,1000000.0,1,-0.2794162486941487,HIGH,0.4838248746082446,Production Anomaly,egauge113530,i11
2026-07-04,9,2026-07-04 03:00:14+00:00,2026-07-04 03:00:18+00:00,4.0,0.9999997500000624,4,-0.3239978252889857,HIGH,2.8971993475866955,Production Anomaly,egauge113530,i11
2026-07-04,10,2026-07-04 04:04:31+00:00,2026-07-04 04:04:37+00:00,6.0,0.9999998333333612,6,-0.3616957702846266,HIGH,4.3085087310853885,Production Anomaly,egauge113530,i11
2026-07-04,11,2026-07-04 04:56:24+00:00,2026-07-04 04:56:27+00:00,3.0,1.333332888889037,4,-0.3580965312146509,HIGH,2.607428959364395,Production Anomaly,egauge113530,i11
2026-07-04,12,2026-07-04 05:49:50+00:00,2026-07-04 06:17:13+00:00,1643.0,0.0736457698882253,121,-0.3194834432806467,HIGH,541.3958450329842,Production Anomaly,egauge113530,i11
2026-07-05,13,2026-07-05 03:12:58+00:00,2026-07-05 03:31:32+00:00,1114.0,0.0215439856180036,24,-0.3273458133934352,HIGH,343.898203744018,Production Anomaly,egauge113530,i11
2026-07-05,14,2026-07-05 04:46:34+00:00,2026-07-05 05:04:14+00:00,1060.0,0.038679245246529,41,-0.2886709001458032,HIGH,334.4866012700437,Production Anomaly,egauge113530,i11
2026-07-05,15,2026-07-05 05:35:30+00:00,2026-07-05 05:35:30+00:00,0.0,1000000.0,1,-0.272821143016751,HIGH,0.4818463429050253,Production Anomaly,egauge113530,i11
2026-07-05,16,2026-07-05 23:53:35+00:00,2026-07-05 23:53:43+00:00,8.0,1.1249998593750177,9,-0.3175562872697759,HIGH,6.095266886180933,Production Anomaly,egauge113530,i11
2026-07-06,17,2026-07-06 05:17:44+00:00,2026-07-06 05:17:52+00:00,8.0,1.1249998593750177,9,-0.3291875786956161,HIGH,6.098756273608685,Production Anomaly,egauge113530,i11
2026-07-06,18,2026-07-06 06:04:53+00:00,2026-07-06 06:30:01+00:00,1508.0,0.0298408487865776,45,-0.2880308056974451,HIGH,470.4864092417092,Production Anomaly,egauge113530,i11
2026-07-06,19,2026-07-06 06:57:25+00:00,2026-07-06 06:57:25+00:00,0.0,1000000.0,1,-0.2771837176259524,HIGH,0.4831551152877857,Production Anomaly,egauge113530,i11
2026-07-07,20,2026-07-07 04:16:27+00:00,2026-07-07 04:16:37+00:00,10.0,1.099999890000011,11,-0.351722585476286,HIGH,7.505516775642886,Production Anomaly,egauge113530,i11
2026-07-07,21,2026-07-07 05:14:17+00:00,2026-07-07 05:14:24+00:00,7.0,0.285714244897965,2,-0.2773028708789712,HIGH,2.983190861263692,Production Anomaly,egauge113530,i11
2026-07-07,22,2026-07-07 06:34:00+00:00,2026-07-07 06:34:14+00:00,14.0,0.9999999285714336,14,-0.3386774608862345,HIGH,9.90160323826587,Production Anomaly,egauge113530,i11
2026-07-07,23,2026-07-07 08:58:11+00:00,2026-07-07 09:19:10+00:00,1259.0,0.009531374098863,12,-0.3390066282615964,HIGH,382.60170198847845,Production Anomaly,egauge113530,i11
2026-07-09,24,2026-07-09 17:43:20+00:00,2026-07-09 17:43:20+00:00,0.0,1000000.0,1,-0.3019865336705538,HIGH,0.4905959601011662,Production Anomaly,egauge113530,i11
2026-07-09,25,2026-07-09 22:19:17+00:00,2026-07-09 22:32:33+00:00,796.0,0.0087939698381985,7,-0.3254001676693839,HIGH,241.6976200503008,Production Anomaly,egauge113530,i11
2026-07-10,26,2026-07-10 02:10:49+00:00,2026-07-10 02:10:49+00:00,0.0,1000000.0,1,-0.2833247842615859,HIGH,0.4849974352784758,Production Anomaly,egauge113530,i11
2026-07-11,27,2026-07-11 03:03:16+00:00,2026-07-11 03:03:21+00:00,5.0,0.99999980000004,5,-0.318091153325349,HIGH,3.5954273459976047,Production Anomaly,egauge113530,i11
2026-07-11,28,2026-07-11 04:40:50+00:00,2026-07-11 05:01:24+00:00,1234.0,0.0081037277081817,10,-0.3448432675517655,HIGH,374.3034529802655,Production Anomaly,egauge113530,i11
2026-07-11,29,2026-07-11 06:52:50+00:00,2026-07-11 08:14:23+00:00,4893.0,0.0371959942699374,182,-0.3254001676693839,HIGH,1540.7976200503006,Production Anomaly,egauge113530,i11
2026-07-11,30,2026-07-11 08:52:24+00:00,2026-07-11 09:24:45+00:00,1941.0,0.023183925799493,45,-0.3544005610394429,HIGH,600.4063201683118,Production Anomaly,egauge113530,i11
2026-07-11,31,2026-07-11 09:50:02+00:00,2026-07-11 11:17:47+00:00,5265.0,0.0134852801493855,71,-0.2924386499089566,HIGH,1607.9877315949727,Production Anomaly,egauge113530,i11
2026-07-11,32,2026-07-11 11:59:58+00:00,2026-07-11 12:04:27+00:00,269.0,0.0334572489462555,9,-0.2836904619663352,HIGH,84.3851071385899,Production Anomaly,egauge113530,i11
2026-07-11,33,2026-07-11 13:12:11+00:00,2026-07-11 13:32:02+00:00,1191.0,0.0226700251698824,27,-0.2835692300059804,HIGH,368.1850707690018,Production Anomaly,egauge113530,i11
2026-07-11,34,2026-07-11 13:58:53+00:00,2026-07-11 14:18:50+00:00,1197.0,0.0183792815218218,22,-0.2888435035738419,HIGH,367.98665305107215,Production Anomaly,egauge113530,i11
2026-07-11,35,2026-07-11 16:16:03+00:00,2026-07-11 16:16:03+00:00,0.0,1000000.0,1,-0.3094692446190739,HIGH,0.4928407733857222,Production Anomaly,egauge113530,i11
2026-07-11,36,2026-07-11 23:40:44+00:00,2026-07-11 23:59:51+00:00,1147.0,0.0104620749690827,12,-0.3230283688150555,HIGH,348.9969085106445,Production Anomaly,egauge113530,i11
2026-06-23,37,2026-06-23 02:19:17+00:00,2026-06-23 05:59:42+00:00,13225.0,0.0004536862003437,6,-0.2523022158826152,HIGH,3969.975690664765,Production Anomaly,egauge113530,i21
2026-06-23,38,2026-06-23 21:15:08+00:00,2026-06-24 06:50:50+00:00,34542.0,0.0002026518441259,7,-0.2293099565602241,HIGH,10365.468792986969,Production Anomaly,egauge113530,i21
2026-06-24,39,2026-06-24 20:33:24+00:00,2026-06-26 01:54:09+00:00,105645.0,0.0001419849495939,15,-0.2619383794918114,HIGH,31699.578581513848,Production Anomaly,egauge113530,i21
2026-06-27,40,2026-06-27 03:00:34+00:00,2026-06-27 09:01:39+00:00,21665.0,0.0001846295868827,4,-0.1917354526182318,MEDIUM,6501.157520635786,Production Anomaly,egauge113530,i21
2026-06-27,41,2026-06-27 20:28:44+00:00,2026-06-27 20:28:44+00:00,0.0,1000000.0,1,-0.1782708550063587,MEDIUM,0.4534812565019076,Production Anomaly,egauge113530,i21
2026-06-28,42,2026-06-28 08:04:13+00:00,2026-06-28 23:13:32+00:00,54559.0,0.0001283014717988,7,-0.2616656905187052,HIGH,16370.578499707151,Production Anomaly,egauge113530,i21
2026-06-30,43,2026-06-30 03:06:02+00:00,2026-06-30 06:12:29+00:00,11187.0,0.0001787789398249,2,-0.2250842919349877,HIGH,3356.9675252875804,Production Anomaly,egauge113530,i21
2026-07-01,44,2026-07-01 04:20:45+00:00,2026-07-01 12:41:21+00:00,30036.0,0.0017978425888334,54,-0.2704967029321199,HIGH,9032.48114901088,Production Anomaly,egauge113530,i21
2026-07-02,45,2026-07-02 06:21:45+00:00,2026-07-03 01:25:38+00:00,68633.0,0.0004371075138717,30,-0.2593061431300278,HIGH,20601.97779184293,Production Anomaly,egauge113530,i21
2026-07-04,46,2026-07-04 02:58:49+00:00,2026-07-07 07:47:10+00:00,276501.0,0.0002314639006722,64,-0.2889726894490727,HIGH,82975.98669180684,Production Anomaly,egauge113530,i21
2026-07-08,47,2026-07-08 06:45:52+00:00,2026-07-08 12:55:38+00:00,22186.0,0.0005859551067977,13,-0.2640257657124462,HIGH,6661.079207729714,Production Anomaly,egauge113530,i21
2026-07-09,48,2026-07-09 12:45:09+00:00,2026-07-10 01:10:06+00:00,44697.0,0.0002684743942486,12,-0.2449369785793825,HIGH,13413.973481093572,Production Anomaly,egauge113530,i21
2026-07-11,49,2026-07-11 04:29:14+00:00,2026-07-11 22:23:15+00:00,64441.0,0.0004034698406231,26,-0.2590229606481929,HIGH,19342.777706888195,Production Anomaly,egauge113530,i21
2026-06-23,50,2026-06-23 20:21:22+00:00,2026-06-23 20:21:24+00:00,2.0,1.499999250000375,3,-0.2354801566580363,HIGH,1.8706440469974115,Production Anomaly,egauge113530,i31
2026-06-25,51,2026-06-25 04:15:27+00:00,2026-06-25 04:35:50+00:00,1223.0,0.017170891236982,21,-0.2848719680726691,HIGH,375.38546159042176,Production Anomaly,egauge113530,i31
2026-06-26,52,2026-06-26 02:13:31+00:00,2026-06-26 02:13:31+00:00,0.0,1000000.0,1,-0.2085623404215264,HIGH,0.4625687021264579,Production Anomaly,egauge113530,i31
2026-06-27,53,2026-06-27 03:01:02+00:00,2026-06-27 03:01:02+00:00,0.0,1000000.0,1,-0.196985255928295,MEDIUM,0.4590955767784885,Production Anomaly,egauge113530,i31
2026-06-27,54,2026-06-27 09:05:11+00:00,2026-06-27 09:06:09+00:00,58.0,0.2586206851961951,15,-0.3163336444058203,HIGH,23.494900093321743,Production Anomaly,egauge113530,i31
2026-06-30,55,2026-06-30 07:09:48+00:00,2026-06-30 07:09:53+00:00,5.0,0.599999880000024,3,-0.2800540468390003,HIGH,2.7840162140517,Production Anomaly,egauge113530,i31
2026-06-30,56,2026-06-30 07:47:48+00:00,2026-06-30 07:47:49+00:00,1.0,1.999998000002,2,-0.2317129039556498,HIGH,1.169513871186695,Production Anomaly,egauge113530,i31
2026-06-30,57,2026-06-30 08:15:00+00:00,2026-06-30 08:15:01+00:00,1.0,1.999998000002,2,-0.2671828210924661,HIGH,1.18015484632774,Production Anomaly,egauge113530,i31
2026-06-30,58,2026-06-30 08:45:31+00:00,2026-06-30 08:47:34+00:00,123.0,0.113821137286007,14,-0.2509086294185665,HIGH,42.57527258882557,Production Anomaly,egauge113530,i31
2026-06-30,59,2026-06-30 09:17:53+00:00,2026-06-30 09:33:43+00:00,950.0,0.0042105263113573,4,-0.2402291627293222,HIGH,286.67206874881884,Production Anomaly,egauge113530,i31
2026-06-30,60,2026-06-30 10:20:24+00:00,2026-06-30 10:20:24+00:00,0.0,1000000.0,1,-0.1993832201454054,MEDIUM,0.4598149660436216,Production Anomaly,egauge113530,i31
2026-06-30,61,2026-06-30 11:54:23+00:00,2026-06-30 11:54:42+00:00,19.0,0.1578947285318563,3,-0.2391947245668968,HIGH,6.9717584173700695,Production Anomaly,egauge113530,i31
2026-06-30,62,2026-06-30 13:33:15+00:00,2026-06-30 13:49:55+00:00,1000.0,0.002999999997,3,-0.2616311970647528,HIGH,301.2784893591194,Production Anomaly,egauge113530,i31
2026-06-30,63,2026-06-30 18:21:04+00:00,2026-06-30 18:32:12+00:00,668.0,0.0089820359146975,6,-0.2273477376473968,HIGH,202.86820432129423,Production Anomaly,egauge113530,i31
2026-06-30,64,2026-06-30 18:57:59+00:00,2026-06-30 19:36:46+00:00,2327.0,0.0042973785972078,10,-0.2744495224818497,HIGH,702.1823348567445,Production Anomaly,egauge113530,i31
2026-06-30,65,2026-06-30 20:29:26+00:00,2026-06-30 20:44:42+00:00,916.0,0.0043668122223069,4,-0.2462342065623042,HIGH,276.4738702619687,Production Anomaly,egauge113530,i31
2026-07-01,66,2026-07-01 03:17:15+00:00,2026-07-01 03:17:16+00:00,1.0,1.999998000002,2,-0.2403914199063711,HIGH,1.1721174259719114,Production Anomaly,egauge113530,i31
2026-07-01,67,2026-07-01 03:44:38+00:00,2026-07-01 03:44:39+00:00,1.0,1.999998000002,2,-0.2349709830522053,HIGH,1.1704912949156616,Production Anomaly,egauge113530,i31
2026-07-01,68,2026-07-01 07:32:53+00:00,2026-07-01 07:32:53+00:00,0.0,1000000.0,1,-0.1887666668789971,MEDIUM,0.4566300000636991,Production Anomaly,egauge113530,i31
2026-07-06,69,2026-07-06 11:00:59+00:00,2026-07-06 11:02:35+00:00,96.0,0.0416666662326388,4,-0.2318710237552272,HIGH,30.46956130712657,Production Anomaly,egauge113530,i31
2026-07-06,70,2026-07-06 11:59:44+00:00,2026-07-06 12:15:50+00:00,966.0,0.0082815734903917,8,-0.232607544102144,HIGH,293.06978226323065,Production Anomaly,egauge113530,i31
2026-07-06,71,2026-07-06 12:57:33+00:00,2026-07-06 12:57:34+00:00,1.0,1.999998000002,2,-0.2530426964640717,HIGH,1.1759128089392217,Production Anomaly,egauge113530,i31
2026-07-06,72,2026-07-06 13:45:27+00:00,2026-07-06 13:45:29+00:00,2.0,1.499999250000375,3,-0.264674245084929,HIGH,1.879402273525479,Production Anomaly,egauge113530,i31
2026-07-06,73,2026-07-06 14:34:34+00:00,2026-07-06 14:34:35+00:00,1.0,1.999998000002,2,-0.2809743325041728,HIGH,1.184292299751252,Production Anomaly,egauge113530,i31
2026-07-07,74,2026-07-07 03:00:15+00:00,2026-07-07 03:08:49+00:00,514.0,0.0058365758641311,3,-0.2325761581099751,HIGH,155.46977284743298,Production Anomaly,egauge113530,i31
2026-07-07,75,2026-07-07 03:36:35+00:00,2026-07-07 03:43:31+00:00,416.0,0.0216346153326091,9,-0.2676727908010723,HIGH,128.48030183724032,Production Anomaly,egauge113530,i31
2026-07-07,76,2026-07-07 06:24:31+00:00,2026-07-07 06:24:32+00:00,1.0,1.999998000002,2,-0.2400037968936944,HIGH,1.1720011390681084,Production Anomaly,egauge113530,i31
2026-07-07,77,2026-07-07 06:56:15+00:00,2026-07-07 07:45:16+00:00,2941.0,0.0098605916321453,29,-0.2470081315196832,HIGH,893.9741024394559,Production Anomaly,egauge113530,i31
2026-07-07,78,2026-07-07 08:15:16+00:00,2026-07-07 09:15:35+00:00,3619.0,0.0074606244798395,27,-0.2540379507474177,HIGH,1096.5762113852245,Production Anomaly,egauge113530,i31
2026-07-07,79,2026-07-07 13:55:29+00:00,2026-07-07 14:32:39+00:00,2230.0,0.0076233183822316,17,-0.2361623113718569,HIGH,675.8708486934115,Production Anomaly,egauge113530,i31
2026-07-07,80,2026-07-07 14:53:21+00:00,2026-07-07 15:29:56+00:00,2195.0,0.0022779043269804,5,-0.2488692221656779,HIGH,660.5746607666497,Production Anomaly,egauge113530,i31
2026-07-07,81,2026-07-07 15:52:23+00:00,2026-07-07 15:52:27+00:00,4.0,0.7499998125000469,3,-0.2030114383299752,HIGH,2.460903431498993,Production Anomaly,egauge113530,i31
2026-07-07,82,2026-07-07 16:27:35+00:00,2026-07-07 17:53:36+00:00,5161.0,0.0027126525861823,14,-0.2695847787838169,HIGH,1553.980875433635,Production Anomaly,egauge113530,i31
2026-07-07,83,2026-07-07 18:16:04+00:00,2026-07-07 19:08:33+00:00,3149.0,0.0079390282604194,25,-0.2383978113749844,HIGH,954.7715193434124,Production Anomaly,egauge113530,i31
2026-07-07,84,2026-07-07 20:07:45+00:00,2026-07-07 21:07:31+00:00,3586.0,0.0094813162271385,34,-0.2519150816193962,HIGH,1089.4755745244856,Production Anomaly,egauge113530,i31
2026-07-07,85,2026-07-07 22:02:25+00:00,2026-07-07 22:07:08+00:00,283.0,0.007067137784215,2,-0.2062158115999035,HIGH,85.76186474347996,Production Anomaly,egauge113530,i31
2026-07-07,86,2026-07-07 22:34:06+00:00,2026-07-07 22:51:42+00:00,1056.0,0.0028409090882188,3,-0.1974581045587505,MEDIUM,318.05923743136765,Production Anomaly,egauge113530,i31
2026-07-07,87,2026-07-07 23:14:52+00:00,2026-07-07 23:28:48+00:00,836.0,0.0047846889894919,4,-0.210797205779966,HIGH,252.463239161734,Production Anomaly,egauge113530,i31
2026-07-08,88,2026-07-08 00:01:30+00:00,2026-07-08 00:01:30+00:00,0.0,1000000.0,1,-0.193024566926527,MEDIUM,0.4579073700779581,Production Anomaly,egauge113530,i31
2026-07-08,89,2026-07-08 00:26:40+00:00,2026-07-08 00:42:58+00:00,978.0,0.0040899795459202,4,-0.2280095792364764,HIGH,295.06840287377094,Production Anomaly,egauge113530,i31
2026-07-08,90,2026-07-08 01:13:49+00:00,2026-07-08 03:29:25+00:00,8136.0,0.0061455260562751,50,-0.2803606881700692,HIGH,2460.884108206451,Production Anomaly,egauge113530,i31
2026-07-08,91,2026-07-08 03:53:42+00:00,2026-07-08 06:13:57+00:00,8415.0,0.0117647058809548,99,-0.2507749796841125,HIGH,2564.175232493905,Production Anomaly,egauge113530,i31
2026-07-08,92,2026-07-08 07:08:42+00:00,2026-07-08 07:08:42+00:00,0.0,1000000.0,1,-0.2042050738652226,HIGH,0.4612615221595668,Production Anomaly,egauge113530,i31
2026-07-08,93,2026-07-08 07:46:40+00:00,2026-07-08 08:22:22+00:00,2142.0,0.0070028011171788,15,-0.2402777809195768,HIGH,648.6720833342758,Production Anomaly,egauge113530,i31
2026-07-08,94,2026-07-08 09:04:12+00:00,2026-07-08 09:41:02+00:00,2210.0,0.0488687782584304,108,-0.2679335353417084,HIGH,706.2803800606025,Production Anomaly,egauge113530,i31
2026-07-08,95,2026-07-08 10:13:05+00:00,2026-07-08 11:52:50+00:00,5985.0,0.017878028401357,107,-0.2599273986430115,HIGH,1838.377978219593,Production Anomaly,egauge113530,i31
2026-07-08,96,2026-07-08 12:15:41+00:00,2026-07-08 13:04:42+00:00,2941.0,0.0061203672199522,18,-0.2377573329522686,HIGH,889.5713271998857,Production Anomaly,egauge113530,i31
2026-07-08,97,2026-07-08 13:52:53+00:00,2026-07-08 14:13:42+00:00,1249.0,0.008006405117689,10,-0.213686684264395,HIGH,378.7641060052793,Production Anomaly,egauge113530,i31
2026-07-09,98,2026-07-09 03:21:55+00:00,2026-07-09 03:29:10+00:00,435.0,0.0229885056942792,10,-0.2326078793835136,HIGH,134.56978236381505,Production Anomaly,egauge113530,i31
2026-07-09,99,2026-07-09 03:51:11+00:00,2026-07-09 03:51:11+00:00,0.0,1000000.0,1,-0.1870510652957677,MEDIUM,0.4561153195887303,Production Anomaly,egauge113530,i31
2026-07-11,100,2026-07-11 03:04:38+00:00,2026-07-11 03:04:38+00:00,0.0,1000000.0,1,-0.2143776396330169,HIGH,0.4643132918899051,Production Anomaly,egauge113530,i31
2026-07-11,101,2026-07-11 04:47:31+00:00,2026-07-11 05:04:18+00:00,1007.0,0.0387288976775284,39,-0.2737437006011564,HIGH,317.78212311018035,Production Anomaly,egauge113530,i31
2026-07-11,102,2026-07-11 07:07:43+00:00,2026-07-11 11:22:26+00:00,15283.0,0.0187790355284447,287,-0.3136643523698155,HIGH,4699.794099305711,Production Anomaly,egauge113530,i31
2026-07-11,103,2026-07-11 12:00:23+00:00,2026-07-11 12:20:35+00:00,1212.0,0.0057755775529904,7,-0.1978823316152167,MEDIUM,366.4593646994845,Production Anomaly,egauge113530,i31
2026-07-11,104,2026-07-11 12:43:03+00:00,2026-07-11 15:13:11+00:00,9008.0,0.0068827708695734,62,-0.2667808966032536,HIGH,2727.280034268981,Production Anomaly,egauge113530,i31
2026-07-11,105,2026-07-11 15:48:28+00:00,2026-07-11 16:20:06+00:00,1898.0,0.0021074815584259,4,-0.2215871851812628,HIGH,571.0664761555544,Production Anomaly,egauge113530,i31
2026-07-11,106,2026-07-11 16:41:51+00:00,2026-07-11 16:41:51+00:00,0.0,1000000.0,1,-0.214106202472888,HIGH,0.4642318607418664,Production Anomaly,egauge113530,i31
2026-07-11,107,2026-07-11 17:14:31+00:00,2026-07-11 17:42:14+00:00,1663.0,0.0078171978305368,13,-0.2369114627678312,HIGH,504.1710734388303,Production Anomaly,egauge113530,i31
2026-07-11,108,2026-07-11 18:36:49+00:00,2026-07-11 20:47:35+00:00,7846.0,0.0048432322196223,38,-0.2156511276275214,HIGH,2369.064695338288,Production Anomaly,egauge113530,i31
2026-07-11,109,2026-07-11 21:22:58+00:00,2026-07-11 22:41:42+00:00,4724.0,0.008044030480939,38,-0.2721063179515943,HIGH,1432.4816318953856,Production Anomaly,egauge113530,i31
2026-07-11,110,2026-07-11 23:05:09+00:00,2026-07-11 23:15:28+00:00,619.0,0.003231017765378,2,-0.2016727001336882,HIGH,186.5605018100401,Production Anomaly,egauge113530,i31
2026-07-11,111,2026-07-11 23:47:12+00:00,2026-07-11 23:57:03+00:00,591.0,0.0169204737446354,10,-0.2459795823596252,HIGH,181.37379387470787,Production Anomaly,egauge113530,i31
2026-06-23,112,2026-06-23 08:02:03+00:00,2026-06-23 12:06:26+00:00,14663.0,0.0010911818863062,16,-0.2911809731328464,HIGH,4405.387354291939,Production Anomaly,egauge113530,i41
2026-06-24,113,2026-06-24 15:45:17+00:00,2026-06-24 15:45:17+00:00,0.0,1000000.0,1,-0.2063973913555284,HIGH,0.4619192174066585,Production Anomaly,egauge113530,i41
2026-06-26,114,2026-06-26 02:13:03+00:00,2026-06-26 02:18:04+00:00,301.0,0.0232558138762265,7,-0.2929573264211039,HIGH,93.18788719792632,Production Anomaly,egauge113530,i41
2026-06-27,115,2026-06-27 02:59:43+00:00,2026-06-28 05:33:14+00:00,95611.0,0.0001359676187872,13,-0.2783674755175673,HIGH,28688.583510242654,Production Anomaly,egauge113530,i41
2026-06-29,116,2026-06-29 07:27:28+00:00,2026-06-29 15:50:30+00:00,30182.0,0.0003313233052703,10,-0.2166295014030201,HIGH,9058.664988850422,Production Anomaly,egauge113530,i41
2026-06-30,117,2026-06-30 08:50:46+00:00,2026-07-03 02:21:33+00:00,235847.0,0.0001738415158972,41,-0.29678820177755,HIGH,70770.58903646051,Production Anomaly,egauge113530,i41
2026-07-04,118,2026-07-04 02:57:27+00:00,2026-07-04 16:59:57+00:00,50550.0,0.0007319485657619,37,-0.2765220717021315,HIGH,15179.88295662151,Production Anomaly,egauge113530,i41
2026-07-05,119,2026-07-05 12:30:51+00:00,2026-07-06 07:37:11+00:00,68780.0,0.0002035475428874,14,-0.2644306908344619,HIGH,20639.679329207247,Production Anomaly,egauge113530,i41
2026-07-09,120,2026-07-09 22:02:00+00:00,2026-07-09 22:53:51+00:00,3111.0,0.0028929604619437,9,-0.2697476610083296,HIGH,936.9809242983024,Production Anomaly,egauge113530,i41
2026-06-23,121,2026-06-23 06:12:19+00:00,2026-06-23 07:21:14+00:00,4135.0,0.0004836759370051,2,-0.1834039220957335,MEDIUM,1241.3550211766287,Production Anomaly,egauge113530,i51
2026-06-24,122,2026-06-24 05:10:38+00:00,2026-06-24 05:10:38+00:00,0.0,1000000.0,1,-0.1728434866785581,MEDIUM,0.4518530460035674,Production Anomaly,egauge113530,i51
2026-06-24,123,2026-06-24 15:32:19+00:00,2026-06-24 16:37:39+00:00,3920.0,0.0007653061222537,3,-0.2304830260009994,HIGH,1177.2691449078004,Production Anomaly,egauge113530,i51
2026-06-25,124,2026-06-25 07:00:11+00:00,2026-06-25 20:08:03+00:00,47272.0,0.0002326958876241,11,-0.1927595295654758,MEDIUM,14186.05782785887,Production Anomaly,egauge113530,i51
2026-06-27,125,2026-06-27 02:59:15+00:00,2026-06-27 10:33:38+00:00,27263.0,0.000660235483965,18,-0.2413081698936761,HIGH,8186.172392450968,Production Anomaly,egauge113530,i51
2026-06-28,126,2026-06-28 01:01:43+00:00,2026-06-28 06:34:15+00:00,19952.0,0.000150360866071,3,-0.1967546592360181,MEDIUM,5986.85902639777,Production Anomaly,egauge113530,i51
2026-06-28,127,2026-06-28 16:50:32+00:00,2026-06-28 18:51:21+00:00,7249.0,0.0006897503102924,5,-0.2069544993932845,HIGH,2176.7620863498178,Production Anomaly,egauge113530,i51
2026-06-29,128,2026-06-29 05:58:20+00:00,2026-06-29 12:36:40+00:00,23900.0,0.0006276150627352,15,-0.2393730546183714,HIGH,7176.071811916386,Production Anomaly,egauge113530,i51
2026-06-29,129,2026-06-29 23:01:48+00:00,2026-06-30 14:38:45+00:00,56217.0,0.0004624935517643,26,-0.235627191555111,HIGH,16875.570688157466,Production Anomaly,egauge113530,i51
2026-07-01,130,2026-07-01 04:48:59+00:00,2026-07-01 04:49:00+00:00,1.0,1.999998000002,2,-0.2006107078973976,HIGH,1.1601832123692193,Production Anomaly,egauge113530,i51
2026-07-02,131,2026-07-02 02:20:33+00:00,2026-07-02 02:20:33+00:00,0.0,1000000.0,1,-0.1638164930582901,MEDIUM,0.449144947917487,Production Anomaly,egauge113530,i51
2026-07-02,132,2026-07-02 18:18:20+00:00,2026-07-02 18:47:18+00:00,1738.0,0.0218642117250493,38,-0.363052212014019,HIGH,536.7089156636042,Production Anomaly,egauge113530,i51
2026-07-04,133,2026-07-04 02:56:27+00:00,2026-07-04 20:42:52+00:00,63985.0,0.0012659217003787,81,-0.3654260911652125,HIGH,19228.009627827352,Production Anomaly,egauge113530,i51
2026-07-05,134,2026-07-05 10:27:29+00:00,2026-07-05 10:27:29+00:00,0.0,1000000.0,1,-0.2019105978756386,HIGH,0.4605731793626916,Production Anomaly,egauge113530,i51
2026-07-06,135,2026-07-06 11:01:30+00:00,2026-07-06 14:13:13+00:00,11503.0,0.0014778753367401,17,-0.2140172049025227,HIGH,3457.764205161471,Production Anomaly,egauge113530,i51
2026-07-07,136,2026-07-07 03:04:18+00:00,2026-07-07 09:05:59+00:00,21701.0,0.0008294548637929,18,-0.2399496430412876,HIGH,6517.571984892912,Production Anomaly,egauge113530,i51
2026-07-09,137,2026-07-09 05:54:13+00:00,2026-07-10 02:01:06+00:00,72413.0,0.0009666772540708,70,-0.2294369398207603,HIGH,21751.968831081944,Production Anomaly,egauge113530,i51
2026-07-11,138,2026-07-11 04:53:23+00:00,2026-07-11 17:30:42+00:00,45439.0,0.0003521204251776,16,-0.2201400941475543,HIGH,13638.166042028242,Production Anomaly,egauge113530,i51
2026-06-24,139,2026-06-24 03:04:35+00:00,2026-06-28 07:04:15+00:00,359980.0,7.778209900528423e-05,28,-0.3152165163956711,HIGH,108005.29456495492,Production Anomaly,egauge90773,i11
2026-07-01,140,2026-07-01 03:01:12+00:00,2026-07-01 03:05:24+00:00,252.0,0.0277777776675485,7,-0.3524244524728356,HIGH,78.50572733574184,Production Anomaly,egauge90773,i11
2026-07-04,141,2026-07-04 03:43:03+00:00,2026-07-05 03:00:42+00:00,83859.0,4.7699113988388856e-05,4,-0.3027664268476387,HIGH,25159.39082992805,Production Anomaly,egauge90773,i11
2026-06-25,142,2026-06-25 14:01:32+00:00,2026-07-06 09:48:29+00:00,935217.0,1.2831246651832855e-05,12,-0.2525691259891048,HIGH,280569.97577073774,Production Anomaly,egauge90773,i21
2026-07-11,143,2026-07-11 05:24:05+00:00,2026-07-11 08:34:10+00:00,11405.0,0.0002630425251851,3,-0.2308980184633372,HIGH,3422.769269405539,Production Anomaly,egauge90773,i21
2026-06-23,144,2026-06-23 03:01:04+00:00,2026-06-27 03:05:03+00:00,345839.0,8.674556657841728e-06,3,-0.235803780566751,HIGH,103752.97074113417,Production Anomaly,egauge90773,i31
2026-07-04,145,2026-07-04 03:38:22+00:00,2026-07-06 14:46:06+00:00,212864.0,2.34891761875024e-05,5,-0.2464548091431531,HIGH,63861.27393644274,Production Anomaly,egauge90773,i31
2026-06-23,146,2026-06-23 10:43:13+00:00,2026-06-23 10:43:13+00:00,0.0,1000000.0,1,-0.1082098884885879,MEDIUM,0.4324629665465764,Production Anomaly,egauge90773,i41
2026-06-24,147,2026-06-24 14:59:08+00:00,2026-06-24 16:05:10+00:00,3962.0,0.0025239777883584,10,-0.2532735674711256,HIGH,1192.6759820702412,Production Anomaly,egauge90773,i41
2026-06-24,148,2026-06-24 20:48:21+00:00,2026-06-24 20:50:33+00:00,132.0,0.1590909078856749,21,-0.2531788872640496,HIGH,48.07595366617922,Production Anomaly,egauge90773,i41
2026-06-25,149,2026-06-25 20:11:31+00:00,2026-06-25 20:22:14+00:00,643.0,0.0139968895583252,9,-0.2578322417782711,HIGH,196.57734967253347,Production Anomaly,egauge90773,i41
2026-06-25,150,2026-06-25 23:53:28+00:00,2026-06-26 00:24:04+00:00,1836.0,0.0016339869272146,3,-0.2014887583698211,HIGH,552.0604466275109,Production Anomaly,egauge90773,i41
2026-06-27,151,2026-06-27 03:01:13+00:00,2026-06-27 04:21:18+00:00,4805.0,0.017481789798651,84,-0.2426303015260696,HIGH,1475.1727890904576,Production Anomaly,egauge90773,i41
2026-06-27,152,2026-06-27 14:49:38+00:00,2026-06-27 16:08:37+00:00,4739.0,0.0006330449460575,3,-0.1754818838486318,MEDIUM,1422.9526445651547,Production Anomaly,egauge90773,i41
2026-06-27,153,2026-06-27 19:18:05+00:00,2026-06-27 20:15:17+00:00,3432.0,0.0011655011651615,4,-0.2073743343415791,HIGH,1031.2622123003025,Production Anomaly,egauge90773,i41
2026-06-28,154,2026-06-28 02:56:42+00:00,2026-06-28 03:01:16+00:00,274.0,0.0255474451622356,7,-0.2500611076760071,HIGH,85.0750183323028,Production Anomaly,egauge90773,i41
2026-06-28,155,2026-06-28 23:01:14+00:00,2026-06-28 23:01:14+00:00,0.0,1000000.0,1,-0.09785665935336,MEDIUM,0.429356997806008,Production Anomaly,egauge90773,i41
2026-06-29,156,2026-06-29 05:34:11+00:00,2026-06-29 07:10:00+00:00,5749.0,0.0076535049560526,44,-0.2868567514825023,HIGH,1742.3860570254446,Production Anomaly,egauge90773,i41
2026-06-29,157,2026-06-29 16:57:37+00:00,2026-06-29 17:13:12+00:00,935.0,0.0117647058697703,11,-0.2509101290100659,HIGH,284.975273038703,Production Anomaly,egauge90773,i41
2026-06-30,158,2026-06-30 10:04:41+00:00,2026-06-30 11:41:16+00:00,5795.0,0.0046591889551925,27,-0.2436772298589427,HIGH,1749.3731031689576,Production Anomaly,egauge90773,i41
2026-06-30,159,2026-06-30 19:53:22+00:00,2026-06-30 22:06:44+00:00,8002.0,0.0009997500623594,8,-0.2053883759847515,HIGH,2403.861616512795,Production Anomaly,egauge90773,i41
2026-07-01,160,2026-07-01 01:02:08+00:00,2026-07-01 04:00:40+00:00,10712.0,0.000840179238159,9,-0.2330642541482751,HIGH,3217.2699192762443,Production Anomaly,egauge90773,i41
2026-07-04,161,2026-07-04 02:57:12+00:00,2026-07-04 04:16:48+00:00,4776.0,0.0121440535987973,58,-0.236734126145911,HIGH,1456.071020237844,Production Anomaly,egauge90773,i41
2026-07-04,162,2026-07-04 15:57:51+00:00,2026-07-04 16:23:54+00:00,1563.0,0.0140754958323253,22,-0.260886674512008,HIGH,477.7782660023536,Production Anomaly,egauge90773,i41
2026-07-04,163,2026-07-04 21:27:32+00:00,2026-07-05 03:17:26+00:00,20994.0,0.00071448985421,15,-0.2475197990419257,HIGH,6304.274255939712,Production Anomaly,egauge90773,i41
2026-07-05,164,2026-07-05 14:31:41+00:00,2026-07-06 03:31:28+00:00,46787.0,0.0006625772116044,31,-0.2288463553107346,HIGH,14048.568653906594,Production Anomaly,egauge90773,i41
2026-07-06,165,2026-07-06 14:50:22+00:00,2026-07-06 14:50:23+00:00,1.0,1.999998000002,2,-0.1787855801882393,MEDIUM,1.153635674056472,Production Anomaly,egauge90773,i41
2026-07-06,166,2026-07-06 18:29:07+00:00,2026-07-06 21:40:35+00:00,11488.0,0.0013927576600458,16,-0.2316767143842072,HIGH,3452.869503014316,Production Anomaly,egauge90773,i41
2026-07-07,167,2026-07-07 06:06:51+00:00,2026-07-07 08:04:45+00:00,7074.0,0.0005654509470504,4,-0.1984958800109703,MEDIUM,2123.859548764003,Production Anomaly,egauge90773,i41
2026-07-07,168,2026-07-07 11:00:57+00:00,2026-07-07 23:42:51+00:00,45714.0,0.0005906286914164,27,-0.2400598264462701,HIGH,13725.072017947932,Production Anomaly,egauge90773,i41
2026-07-08,169,2026-07-08 02:53:21+00:00,2026-07-08 17:18:49+00:00,51928.0,0.000423663534116,22,-0.2157601261995432,HIGH,15587.26472803786,Production Anomaly,egauge90773,i41
2026-07-08,170,2026-07-08 21:00:08+00:00,2026-07-08 22:52:07+00:00,6719.0,0.00059532668543,4,-0.1994493123140948,MEDIUM,2017.359834793694,Production Anomaly,egauge90773,i41
2026-07-09,171,2026-07-09 06:47:10+00:00,2026-07-09 09:25:57+00:00,9527.0,0.0008397186941492,8,-0.2078042854328715,HIGH,2861.3623412856296,Production Anomaly,egauge90773,i41
2026-07-09,172,2026-07-09 14:44:34+00:00,2026-07-10 01:52:31+00:00,40077.0,0.0005239913167022,21,-0.2112175204761172,HIGH,12031.563365256145,Production Anomaly,egauge90773,i41
2026-07-11,173,2026-07-11 03:03:42+00:00,2026-07-11 05:09:06+00:00,7524.0,0.0114300903759396,86,-0.2156772373014113,HIGH,2291.6647031711905,Production Anomaly,egauge90773,i41
2026-07-11,174,2026-07-11 15:03:51+00:00,2026-07-11 16:33:00+00:00,5349.0,0.000747803327585,4,-0.2170378333974537,HIGH,1606.365111350019,Production Anomaly,egauge90773,i41
2026-07-11,175,2026-07-11 19:34:03+00:00,2026-07-11 19:34:04+00:00,1.0,1.999998000002,2,-0.2030336177883878,HIGH,1.1609100853365164,Production Anomaly,egauge90773,i41
2026-06-23,176,2026-06-23 03:43:33+00:00,2026-06-23 03:46:52+00:00,199.0,0.0201005024115552,4,-0.3479428479292872,HIGH,61.40438285437878,Production Anomaly,egauge90773,i51
2026-06-23,177,2026-06-23 03:51:08+00:00,2026-06-23 03:59:11+00:00,483.0,0.0103519668522733,5,-0.3488341531434455,HIGH,147.00465024594305,Production Anomaly,egauge90773,i51
2026-06-23,178,2026-06-23 04:47:57+00:00,2026-06-23 05:14:06+00:00,1569.0,0.0140216698444731,22,-0.3498255911288657,HIGH,479.60494767733866,Production Anomaly,egauge90773,i51
2026-06-23,179,2026-06-23 05:19:47+00:00,2026-06-23 05:28:46+00:00,539.0,0.0111317253967871,6,-0.3492305894642054,HIGH,164.20476917683925,Production Anomaly,egauge90773,i51
2026-06-23,180,2026-06-23 05:37:12+00:00,2026-06-23 05:40:07+00:00,175.0,0.0171428570448979,3,-0.3479428479292872,HIGH,53.80438285437879,Production Anomaly,egauge90773,i51
2026-06-23,181,2026-06-23 05:52:52+00:00,2026-06-23 06:06:32+00:00,820.0,0.0109756097427126,9,-0.3479428479292872,HIGH,249.7043828543788,Production Anomaly,egauge90773,i51
2026-06-23,182,2026-06-23 06:10:46+00:00,2026-06-23 06:32:26+00:00,1300.0,0.0138461538355029,18,-0.3498255911288657,HIGH,397.30494767733865,Production Anomaly,egauge90773,i51
2026-06-23,183,2026-06-23 06:40:26+00:00,2026-06-23 06:44:41+00:00,255.0,0.0235294116724336,6,-0.3495280382048219,HIGH,79.00485841146146,Production Anomaly,egauge90773,i51
2026-06-23,184,2026-06-23 06:54:01+00:00,2026-06-23 07:01:11+00:00,430.0,0.0209302325094645,9,-0.3495280382048219,HIGH,132.70485841146143,Production Anomaly,egauge90773,i51
2026-06-23,185,2026-06-23 07:05:26+00:00,2026-06-23 07:07:20+00:00,114.0,0.0263157892428439,3,-0.3480418356066395,HIGH,35.50441255068199,Production Anomaly,egauge90773,i51
2026-06-23,186,2026-06-23 07:13:56+00:00,2026-06-23 07:22:26+00:00,510.0,0.0137254901691657,7,-0.3491314630295673,HIGH,155.90473943890888,Production Anomaly,egauge90773,i51
2026-06-23,187,2026-06-23 07:28:01+00:00,2026-06-23 07:54:00+00:00,1559.0,0.0121872995431768,19,-0.3495280382048219,HIGH,475.4048584114615,Production Anomaly,egauge90773,i51
2026-06-23,188,2026-06-23 07:59:05+00:00,2026-06-23 08:10:30+00:00,685.0,0.0131386861122062,9,-0.3491314630295673,HIGH,209.2047394389089,Production Anomaly,egauge90773,i51
2026-06-23,189,2026-06-23 08:15:41+00:00,2026-06-23 08:28:25+00:00,764.0,0.0183246073058578,14,-0.3498255911288657,HIGH,234.90494767733864,Production Anomaly,egauge90773,i51
2026-06-23,190,2026-06-23 08:35:30+00:00,2026-06-23 08:52:00+00:00,990.0,0.0181818181634527,18,-0.3495280382048219,HIGH,304.30485841146145,Production Anomaly,egauge90773,i51
2026-06-23,191,2026-06-23 08:56:14+00:00,2026-06-23 09:48:29+00:00,3135.0,0.0118022328510997,37,-0.3495280382048219,HIGH,955.4048584114614,Production Anomaly,egauge90773,i51
2026-06-23,192,2026-06-23 09:53:34+00:00,2026-06-23 10:15:49+00:00,1335.0,0.0127340823874651,17,-0.3498255911288657,HIGH,407.4049476773386,Production Anomaly,egauge90773,i51
2026-06-23,193,2026-06-23 10:22:24+00:00,2026-06-23 10:50:34+00:00,1690.0,0.0136094674475683,23,-0.3503217442867826,HIGH,516.3050965232861,Production Anomaly,egauge90773,i51
2026-06-23,194,2026-06-23 10:55:44+00:00,2026-06-23 12:03:53+00:00,4089.0,0.0139398385879335,57,-0.3506195752117337,HIGH,1249.6051858725634,Production Anomaly,egauge90773,i51
2026-06-23,195,2026-06-23 12:09:03+00:00,2026-06-23 12:24:33+00:00,930.0,0.0107526881604809,10,-0.3500240176425963,HIGH,283.1050072052928,Production Anomaly,egauge90773,i51
2026-06-23,196,2026-06-23 12:28:47+00:00,2026-06-23 12:59:22+00:00,1835.0,0.0098092642998314,18,-0.3488341531434455,HIGH,557.8046502459431,Production Anomaly,egauge90773,i51
2026-06-23,197,2026-06-23 13:06:53+00:00,2026-06-23 13:55:27+00:00,2914.0,0.0109814687676796,32,-0.3506195752117337,HIGH,887.1051858725634,Production Anomaly,egauge90773,i51
2026-06-23,198,2026-06-23 14:01:06+00:00,2026-06-23 14:10:02+00:00,536.0,0.0149253731064825,8,-0.3488341531434455,HIGH,164.104650245943,Production Anomaly,egauge90773,i51
2026-06-23,199,2026-06-23 14:14:16+00:00,2026-06-23 14:32:37+00:00,1101.0,0.0099909173387911,11,-0.3500240176425963,HIGH,334.8050072052928,Production Anomaly,egauge90773,i51
2026-06-23,200,2026-06-23 14:36:51+00:00,2026-06-23 15:17:46+00:00,2455.0,0.0114052953110365,28,-0.3498255911288657,HIGH,747.8049476773388,Production Anomaly,egauge90773,i51
2026-06-23,201,2026-06-23 15:22:56+00:00,2026-06-23 15:25:17+00:00,141.0,0.028368794125044,4,-0.3495280382048219,HIGH,44.00485841146145,Production Anomaly,egauge90773,i51
2026-06-23,202,2026-06-23 15:29:26+00:00,2026-06-23 15:29:31+00:00,5.0,0.399999920000016,2,-0.3476459542178515,HIGH,2.404293786265355,Production Anomaly,egauge90773,i51
2026-06-23,203,2026-06-23 15:34:36+00:00,2026-06-23 15:59:31+00:00,1495.0,0.0133779264124562,20,-0.3498255911288657,HIGH,456.60494767733866,Production Anomaly,egauge90773,i51
2026-06-23,204,2026-06-23 16:05:36+00:00,2026-06-23 18:34:01+00:00,8905.0,0.0094329028625005,84,-0.3498255911288657,HIGH,2705.2049476773386,Production Anomaly,egauge90773,i51
2026-06-23,205,2026-06-23 18:40:34+00:00,2026-06-23 19:08:44+00:00,1690.0,0.0124260354956058,21,-0.3495280382048219,HIGH,515.5048584114614,Production Anomaly,egauge90773,i51
2026-06-23,206,2026-06-23 19:13:54+00:00,2026-06-23 20:19:04+00:00,3910.0,0.0109974424524303,43,-0.3506195752117337,HIGH,1190.3051858725637,Production Anomaly,egauge90773,i51
2026-06-23,207,2026-06-23 20:23:18+00:00,2026-06-23 20:29:53+00:00,395.0,0.0126582278160551,5,-0.3482398456297474,HIGH,120.60447195368891,Production Anomaly,egauge90773,i51
2026-06-23,208,2026-06-23 20:35:59+00:00,2026-06-23 20:43:04+00:00,425.0,0.0141176470256055,6,-0.348536947355655,HIGH,130.0045610842067,Production Anomaly,egauge90773,i51
2026-06-23,209,2026-06-23 20:47:43+00:00,2026-06-23 20:52:53+00:00,310.0,0.0161290322060353,5,-0.3491314630295673,HIGH,95.10473943890888,Production Anomaly,egauge90773,i51
2026-06-23,210,2026-06-23 21:01:23+00:00,2026-06-23 23:00:22+00:00,7139.0,0.0109258999844619,78,-0.3526077823621648,HIGH,2173.0057823347083,Production Anomaly,egauge90773,i51
2026-06-23,211,2026-06-23 23:06:27+00:00,2026-06-24 01:37:35+00:00,9068.0,0.0112483458302549,102,-0.3506195752117337,HIGH,2761.305185872564,Production Anomaly,egauge90773,i51
2026-06-24,212,2026-06-24 01:43:36+00:00,2026-06-24 01:48:51+00:00,315.0,0.0158730158226253,5,-0.3498255911288657,HIGH,96.60494767733866,Production Anomaly,egauge90773,i51
2026-06-24,213,2026-06-24 01:53:05+00:00,2026-06-24 03:32:10+00:00,5945.0,0.0105971404523806,63,-0.3503217442867826,HIGH,1808.805096523286,Production Anomaly,egauge90773,i51
2026-06-24,214,2026-06-24 03:36:24+00:00,2026-06-24 04:10:40+00:00,2056.0,0.0102140077771332,21,-0.3495280382048219,HIGH,625.3048584114614,Production Anomaly,egauge90773,i51
2026-06-24,215,2026-06-24 04:15:50+00:00,2026-06-24 05:56:49+00:00,6059.0,0.0108928866131551,66,-0.3506195752117337,HIGH,1844.205185872564,Production Anomaly,egauge90773,i51
2026-06-24,216,2026-06-24 06:02:28+00:00,2026-06-24 06:17:58+00:00,930.0,0.0075268817123366,7,-0.3482398456297474,HIGH,281.9044719536889,Production Anomaly,egauge90773,i51
2026-06-24,217,2026-06-24 06:23:08+00:00,2026-06-24 06:23:08+00:00,0.0,1000000.0,1,-0.3491314630295673,HIGH,0.5047394389088702,Production Anomaly,egauge90773,i51
2026-06-24,218,2026-06-24 06:28:18+00:00,2026-06-24 06:28:18+00:00,0.0,1000000.0,1,-0.3479428479292872,HIGH,0.5043828543787862,Production Anomaly,egauge90773,i51
2026-06-24,219,2026-06-24 06:33:28+00:00,2026-06-24 06:33:28+00:00,0.0,1000000.0,1,-0.3495280382048219,HIGH,0.5048584114614466,Production Anomaly,egauge90773,i51
2026-06-24,220,2026-06-24 06:38:38+00:00,2026-06-24 06:43:48+00:00,310.0,0.0161290322060353,5,-0.3500240176425963,HIGH,95.10500720529278,Production Anomaly,egauge90773,i51
2026-06-24,221,2026-06-24 06:48:53+00:00,2026-06-24 07:45:18+00:00,3385.0,0.0091580502188602,31,-0.3498255911288657,HIGH,1028.0049476773388,Production Anomaly,egauge90773,i51
2026-06-24,222,2026-06-24 07:49:32+00:00,2026-06-24 08:08:12+00:00,1120.0,0.0133928571308992,15,-0.3482398456297474,HIGH,342.1044719536889,Production Anomaly,egauge90773,i51
2026-06-24,223,2026-06-24 08:14:23+00:00,2026-06-24 08:27:57+00:00,814.0,0.0098280098159361,8,-0.3503217442867826,HIGH,247.505096523286,Production Anomaly,egauge90773,i51
2026-06-24,224,2026-06-24 08:33:57+00:00,2026-06-24 09:01:11+00:00,1634.0,0.0110159118659633,18,-0.3503217442867826,HIGH,497.505096523286,Production Anomaly,egauge90773,i51
2026-06-24,225,2026-06-24 09:05:52+00:00,2026-06-24 09:18:31+00:00,759.0,0.0065876152745881,5,-0.3488341531434455,HIGH,229.804650245943,Production Anomaly,egauge90773,i51
2026-06-24,226,2026-06-24 09:23:12+00:00,2026-06-24 09:45:12+00:00,1320.0,0.0106060605980257,14,-0.3491314630295673,HIGH,401.7047394389089,Production Anomaly,egauge90773,i51
2026-06-24,227,2026-06-24 09:51:46+00:00,2026-06-24 09:55:31+00:00,225.0,0.0177777776987654,4,-0.3495280382048219,HIGH,69.20485841146144,Production Anomaly,egauge90773,i51
2026-06-24,228,2026-06-24 10:01:36+00:00,2026-06-24 10:54:01+00:00,3145.0,0.0124006359261047,39,-0.3503217442867826,HIGH,959.205096523286,Production Anomaly,egauge90773,i51
2026-06-24,229,2026-06-24 11:02:26+00:00,2026-06-24 11:21:35+00:00,1149.0,0.0121845082574547,14,-0.3491314630295673,HIGH,350.4047394389089,Production Anomaly,egauge90773,i51
2026-06-24,230,2026-06-24 11:26:16+00:00,2026-06-24 11:32:20+00:00,364.0,0.016483516438232,6,-0.3482398456297474,HIGH,111.70447195368894,Production Anomaly,egauge90773,i51
2026-06-24,231,2026-06-24 11:38:25+00:00,2026-06-24 11:49:40+00:00,675.0,0.0103703703550068,7,-0.3495280382048219,HIGH,205.40485841146145,Production Anomaly,egauge90773,i51
2026-06-24,232,2026-06-24 11:54:50+00:00,2026-06-24 12:52:00+00:00,3430.0,0.0116618075767749,40,-0.3503217442867826,HIGH,1045.105096523286,Production Anomaly,egauge90773,i51
2026-06-24,233,2026-06-24 12:57:09+00:00,2026-06-24 13:20:34+00:00,1405.0,0.0092526690325603,13,-0.3491314630295673,HIGH,426.8047394389089,Production Anomaly,egauge90773,i51
2026-06-24,234,2026-06-24 13:25:15+00:00,2026-06-24 14:38:24+00:00,4389.0,0.0100250626543574,44,-0.3500240176425963,HIGH,1334.4050072052928,Production Anomaly,egauge90773,i51
2026-06-24,235,2026-06-24 14:43:33+00:00,2026-06-24 14:56:18+00:00,765.0,0.0104575163261993,8,-0.3488341531434455,HIGH,232.804650245943,Production Anomaly,egauge90773,i51
2026-06-24,236,2026-06-24 15:02:24+00:00,2026-06-24 15:31:58+00:00,1774.0,0.0084554678644557,15,-0.3498255911288657,HIGH,538.3049476773386,Production Anomaly,egauge90773,i51
2026-06-25,237,2026-06-25 03:47:16+00:00,2026-06-25 03:47:18+00:00,2.0,0.99999950000025,2,-0.3503217442867826,HIGH,1.5050965232860347,Production Anomaly,egauge90773,i51
2026-06-25,238,2026-06-25 03:53:12+00:00,2026-06-25 04:05:06+00:00,714.0,0.0126050419991526,9,-0.3495280382048219,HIGH,217.90485841146145,Production Anomaly,egauge90773,i51
2026-06-25,239,2026-06-25 04:09:22+00:00,2026-06-25 04:10:47+00:00,85.0,0.0235294114878892,2,-0.3473491644590301,HIGH,26.40420474933771,Production Anomaly,egauge90773,i51
2026-06-25,240,2026-06-25 04:15:31+00:00,2026-06-25 05:04:07+00:00,2916.0,0.0106310013680963,31,-0.3492305894642054,HIGH,887.3047691768392,Production Anomaly,egauge90773,i51
2026-06-25,241,2026-06-25 05:08:16+00:00,2026-06-25 05:13:32+00:00,316.0,0.0158227847600544,5,-0.3498255911288657,HIGH,96.90494767733864,Production Anomaly,egauge90773,i51
2026-06-25,242,2026-06-25 05:19:07+00:00,2026-06-25 06:05:16+00:00,2769.0,0.0115565185945985,32,-0.3506195752117337,HIGH,843.6051858725634,Production Anomaly,egauge90773,i51
2026-06-25,243,2026-06-25 06:09:30+00:00,2026-06-25 06:16:05+00:00,395.0,0.010126582252844,4,-0.348536947355655,HIGH,120.20456108420667,Production Anomaly,egauge90773,i51
2026-06-25,244,2026-06-25 06:21:15+00:00,2026-06-25 06:33:56+00:00,761.0,0.0157687253406455,12,-0.3482398456297474,HIGH,233.2044719536889,Production Anomaly,egauge90773,i51
2026-06-25,245,2026-06-25 06:38:05+00:00,2026-06-25 06:57:55+00:00,1190.0,0.010924369738719,13,-0.3495280382048219,HIGH,362.3048584114615,Production Anomaly,egauge90773,i51
2026-06-25,246,2026-06-25 07:03:00+00:00,2026-06-25 07:45:25+00:00,2545.0,0.0129666011736869,33,-0.3503217442867826,HIGH,776.8050965232861,Production Anomaly,egauge90773,i51
2026-06-25,247,2026-06-25 07:49:39+00:00,2026-06-25 08:04:15+00:00,876.0,0.0125570776112362,11,-0.3495280382048219,HIGH,267.30485841146145,Production Anomaly,egauge90773,i51
2026-06-25,248,2026-06-25 08:08:29+00:00,2026-06-25 08:48:30+00:00,2401.0,0.0095793419368682,23,-0.3507188753665333,HIGH,729.6052156626099,Production Anomaly,egauge90773,i51
2026-06-25,249,2026-06-25 08:54:09+00:00,2026-06-25 09:07:19+00:00,790.0,0.0126582278320781,10,-0.3495280382048219,HIGH,241.10485841146144,Production Anomaly,egauge90773,i51
2026-06-25,250,2026-06-25 09:15:14+00:00,2026-06-25 09:51:59+00:00,2205.0,0.0113378684755837,25,-0.3495280382048219,HIGH,671.6048584114615,Production Anomaly,egauge90773,i51
2026-06-25,251,2026-06-25 09:56:13+00:00,2026-06-25 11:04:48+00:00,4115.0,0.0106925880897466,44,-0.3507188753665333,HIGH,1252.2052156626098,Production Anomaly,egauge90773,i51
2026-06-25,252,2026-06-25 11:09:53+00:00,2026-06-25 12:36:22+00:00,5189.0,0.0104066294063583,54,-0.3498255911288657,HIGH,1578.404947677339,Production Anomaly,egauge90773,i51
2026-06-25,253,2026-06-25 12:41:32+00:00,2026-06-25 12:51:52+00:00,620.0,0.0096774193392299,6,-0.3506195752117337,HIGH,188.50518587256352,Production Anomaly,egauge90773,i51
2026-06-25,254,2026-06-25 12:56:57+00:00,2026-06-25 13:11:36+00:00,879.0,0.0147895335440392,13,-0.3503217442867826,HIGH,269.005096523286,Production Anomaly,egauge90773,i51
2026-06-25,255,2026-06-25 13:16:47+00:00,2026-06-25 13:18:12+00:00,85.0,0.0235294114878892,2,-0.3491314630295673,HIGH,26.40473943890887,Production Anomaly,egauge90773,i51
2026-06-25,256,2026-06-25 13:22:26+00:00,2026-06-25 14:32:56+00:00,4230.0,0.0106382978698254,45,-0.3506195752117337,HIGH,1287.1051858725634,Production Anomaly,egauge90773,i51
2026-06-27,257,2026-06-27 04:57:22+00:00,2026-06-27 04:57:25+00:00,3.0,1.333332888889037,4,-0.358800805599442,HIGH,2.6076402416798325,Production Anomaly,egauge90773,i51
2026-06-27,258,2026-06-27 05:08:59+00:00,2026-06-27 05:13:44+00:00,285.0,0.0105263157525392,3,-0.3491314630295673,HIGH,86.80473943890887,Production Anomaly,egauge90773,i51
2026-06-27,259,2026-06-27 05:25:33+00:00,2026-06-27 05:38:19+00:00,766.0,0.0143603132971797,11,-0.3495280382048219,HIGH,234.30485841146145,Production Anomaly,egauge90773,i51
2026-06-27,260,2026-06-27 05:43:03+00:00,2026-06-27 06:05:19+00:00,1336.0,0.0149700598690343,20,-0.3503217442867826,HIGH,408.905096523286,Production Anomaly,egauge90773,i51
2026-06-27,261,2026-06-27 06:11:29+00:00,2026-06-27 06:55:03+00:00,2614.0,0.009563886759922,25,-0.3503217442867826,HIGH,794.305096523286,Production Anomaly,egauge90773,i51
2026-06-27,262,2026-06-27 07:02:09+00:00,2026-06-27 07:45:45+00:00,2616.0,0.0141437308814435,37,-0.3503217442867826,HIGH,799.705096523286,Production Anomaly,egauge90773,i51
2026-06-27,263,2026-06-27 07:52:47+00:00,2026-06-27 07:54:12+00:00,85.0,0.0235294114878892,2,-0.3482398456297474,HIGH,26.40447195368893,Production Anomaly,egauge90773,i51
2026-06-27,264,2026-06-27 08:04:08+00:00,2026-06-27 08:25:52+00:00,1304.0,0.0122699386408972,16,-0.3494288770504817,HIGH,397.7048286631151,Production Anomaly,egauge90773,i51
2026-06-27,265,2026-06-27 08:38:37+00:00,2026-06-27 08:45:44+00:00,427.0,0.014051522215336,6,-0.3503217442867826,HIGH,130.60509652328602,Production Anomaly,egauge90773,i51
2026-06-27,266,2026-06-27 08:55:32+00:00,2026-06-27 08:57:02+00:00,90.0,0.0333333329629629,3,-0.3494288770504817,HIGH,28.304828663115146,Production Anomaly,egauge90773,i51
2026-06-27,267,2026-06-27 09:06:01+00:00,2026-06-27 09:06:01+00:00,0.0,1000000.0,1,-0.3474480828305938,HIGH,0.5042344248491781,Production Anomaly,egauge90773,i51
2026-06-27,268,2026-06-27 09:18:16+00:00,2026-06-27 09:49:52+00:00,1896.0,0.0126582278414249,24,-0.3504210096732112,HIGH,578.5051263029019,Production Anomaly,egauge90773,i51
2026-06-27,269,2026-06-27 09:54:06+00:00,2026-06-27 10:08:42+00:00,876.0,0.0125570776112362,11,-0.3482398456297474,HIGH,267.3044719536889,Production Anomaly,egauge90773,i51
2026-06-27,270,2026-06-27 10:12:51+00:00,2026-06-27 10:16:42+00:00,231.0,0.0216450215513202,5,-0.3494288770504817,HIGH,71.40482866311514,Production Anomaly,egauge90773,i51
2026-06-27,271,2026-06-27 10:20:56+00:00,2026-06-27 10:23:17+00:00,141.0,0.021276595593783,3,-0.3491314630295673,HIGH,43.60473943890887,Production Anomaly,egauge90773,i51
2026-06-27,272,2026-06-27 10:27:26+00:00,2026-06-27 10:32:42+00:00,316.0,0.0189873417120653,6,-0.3495280382048219,HIGH,97.30485841146144,Production Anomaly,egauge90773,i51
2026-06-27,273,2026-06-27 10:40:41+00:00,2026-06-27 11:00:58+00:00,1217.0,0.0115036976076387,14,-0.3498255911288657,HIGH,370.80494767733865,Production Anomaly,egauge90773,i51
2026-06-27,274,2026-06-27 11:05:31+00:00,2026-06-27 13:46:00+00:00,9629.0,0.0102814414777981,99,-0.3506195752117337,HIGH,2928.4051858725634,Production Anomaly,egauge90773,i51
2026-06-27,275,2026-06-27 13:50:14+00:00,2026-06-27 13:59:10+00:00,536.0,0.0093283581915515,5,-0.3479428479292872,HIGH,162.90438285437878,Production Anomaly,egauge90773,i51
2026-06-27,276,2026-06-27 14:03:24+00:00,2026-06-27 14:17:30+00:00,846.0,0.009456264764236,8,-0.3494288770504817,HIGH,257.10482866311514,Production Anomaly,egauge90773,i51
2026-06-27,277,2026-06-27 14:21:44+00:00,2026-06-27 14:21:44+00:00,0.0,1000000.0,1,-0.3479428479292872,HIGH,0.5043828543787862,Production Anomaly,egauge90773,i51
2026-06-27,278,2026-06-27 14:26:54+00:00,2026-06-27 14:45:14+00:00,1100.0,0.0127272727157024,14,-0.3503217442867826,HIGH,335.70509652328604,Production Anomaly,egauge90773,i51
2026-06-27,279,2026-06-27 14:50:19+00:00,2026-06-27 14:53:14+00:00,175.0,0.0228571427265306,4,-0.3495280382048219,HIGH,54.20485841146145,Production Anomaly,egauge90773,i51
2026-06-27,280,2026-06-27 14:58:19+00:00,2026-06-27 15:36:29+00:00,2290.0,0.0109170305629183,25,-0.3498255911288657,HIGH,697.1049476773387,Production Anomaly,egauge90773,i51
2026-06-27,281,2026-06-27 15:42:08+00:00,2026-06-27 15:44:29+00:00,141.0,0.028368794125044,4,-0.3500240176425963,HIGH,44.00500720529278,Production Anomaly,egauge90773,i51
2026-06-27,282,2026-06-27 15:48:43+00:00,2026-06-27 16:19:19+00:00,1836.0,0.0125272331086452,23,-0.3491314630295673,HIGH,560.1047394389088,Production Anomaly,egauge90773,i51
2026-06-28,283,2026-06-28 02:55:28+00:00,2026-06-28 02:55:29+00:00,1.0,1.999998000002,2,-0.3580993466446998,HIGH,1.20742980399341,Production Anomaly,egauge90773,i51
2026-06-28,284,2026-06-28 10:07:55+00:00,2026-06-28 10:07:55+00:00,0.0,1000000.0,1,-0.3519113817999838,HIGH,0.5055734145399952,Production Anomaly,egauge90773,i51
2026-06-28,285,2026-06-28 10:30:34+00:00,2026-06-28 10:30:35+00:00,1.0,1.999998000002,2,-0.3585001101466989,HIGH,1.2075500330440097,Production Anomaly,egauge90773,i51
2026-06-28,286,2026-06-28 10:38:33+00:00,2026-06-28 10:42:24+00:00,231.0,0.0173160172410562,4,-0.3488341531434455,HIGH,71.00465024594303,Production Anomaly,egauge90773,i51
2026-06-28,287,2026-06-28 10:50:48+00:00,2026-06-28 10:56:28+00:00,340.0,0.020588235233564,7,-0.3480418356066395,HIGH,104.90441255068198,Production Anomaly,egauge90773,i51
2026-06-28,288,2026-06-28 11:01:43+00:00,2026-06-28 11:17:44+00:00,961.0,0.0124869927029271,12,-0.3495280382048219,HIGH,293.2048584114615,Production Anomaly,egauge90773,i51
2026-06-28,289,2026-06-28 11:23:19+00:00,2026-06-28 11:23:19+00:00,0.0,1000000.0,1,-0.3475470127497515,HIGH,0.5042641038249255,Production Anomaly,egauge90773,i51
2026-06-28,290,2026-06-28 11:31:27+00:00,2026-06-28 11:49:58+00:00,1111.0,0.0153015301392425,17,-0.3506195752117337,HIGH,340.2051858725636,Production Anomaly,egauge90773,i51
2026-06-28,291,2026-06-28 11:56:09+00:00,2026-06-28 12:16:03+00:00,1194.0,0.0100502512478641,12,-0.3495280382048219,HIGH,363.1048584114615,Production Anomaly,egauge90773,i51
2026-06-28,292,2026-06-28 12:20:48+00:00,2026-06-28 13:10:37+00:00,2989.0,0.0107059217093657,32,-0.3495280382048219,HIGH,909.6048584114614,Production Anomaly,egauge90773,i51
2026-06-28,293,2026-06-28 13:14:53+00:00,2026-06-28 13:18:12+00:00,199.0,0.0201005024115552,4,-0.3498255911288657,HIGH,61.404947677338654,Production Anomaly,egauge90773,i51
2026-06-28,294,2026-06-28 13:24:22+00:00,2026-06-28 13:44:47+00:00,1225.0,0.0122448979491878,15,-0.3495280382048219,HIGH,373.6048584114615,Production Anomaly,egauge90773,i51
2026-06-28,295,2026-06-28 13:49:32+00:00,2026-06-28 14:22:46+00:00,1994.0,0.0085255767259149,17,-0.3492305894642054,HIGH,605.1047691768391,Production Anomaly,egauge90773,i51
2026-06-28,296,2026-06-28 14:27:31+00:00,2026-06-28 14:38:26+00:00,655.0,0.0091603053295262,6,-0.3495280382048219,HIGH,199.00485841146144,Production Anomaly,egauge90773,i51
2026-06-28,297,2026-06-28 14:46:02+00:00,2026-06-28 14:56:01+00:00,599.0,0.0150250417111435,9,-0.3491314630295673,HIGH,183.40473943890885,Production Anomaly,egauge90773,i51
2026-06-28,298,2026-06-28 15:00:17+00:00,2026-06-28 15:11:41+00:00,684.0,0.0116959064156492,8,-0.3503217442867826,HIGH,208.505096523286,Production Anomaly,egauge90773,i51
2026-06-28,299,2026-06-28 15:16:26+00:00,2026-06-28 15:35:26+00:00,1140.0,0.01052631578024,12,-0.3503217442867826,HIGH,346.90509652328603,Production Anomaly,egauge90773,i51
2026-06-28,300,2026-06-28 15:40:07+00:00,2026-06-28 15:44:56+00:00,289.0,0.0207612456029022,6,-0.3494288770504817,HIGH,89.20482866311515,Production Anomaly,egauge90773,i51
2026-06-28,301,2026-06-28 15:50:10+00:00,2026-06-28 18:22:55+00:00,9165.0,0.0109110747396714,100,-0.3506195752117337,HIGH,2789.605185872564,Production Anomaly,egauge90773,i51
2026-06-28,302,2026-06-28 18:27:40+00:00,2026-06-28 19:06:09+00:00,2309.0,0.0090948462498506,21,-0.3498255911288657,HIGH,701.2049476773386,Production Anomaly,egauge90773,i51
2026-06-28,303,2026-06-28 19:10:49+00:00,2026-06-28 19:10:54+00:00,5.0,0.399999920000016,2,-0.3482398456297474,HIGH,2.404471953688924,Production Anomaly,egauge90773,i51
2026-06-28,304,2026-06-28 19:15:34+00:00,2026-06-28 19:25:09+00:00,575.0,0.0156521738858223,9,-0.3498255911288657,HIGH,176.20494767733865,Production Anomaly,egauge90773,i51
2026-06-28,305,2026-06-28 19:30:54+00:00,2026-06-28 19:43:14+00:00,740.0,0.0148648648447772,11,-0.3498255911288657,HIGH,226.50494767733863,Production Anomaly,egauge90773,i51
2026-06-28,306,2026-06-28 19:47:54+00:00,2026-06-28 20:39:47+00:00,3113.0,0.0122068743937658,38,-0.3529064139873674,HIGH,949.2058719241962,Production Anomaly,egauge90773,i51
2026-06-28,307,2026-06-28 20:44:03+00:00,2026-06-28 20:44:03+00:00,0.0,1000000.0,1,-0.3479428479292872,HIGH,0.5043828543787862,Production Anomaly,egauge90773,i51
2026-06-28,308,2026-06-28 20:48:43+00:00,2026-06-28 21:14:28+00:00,1545.0,0.0110032362388328,17,-0.3498255911288657,HIGH,470.4049476773386,Production Anomaly,egauge90773,i51
2026-06-28,309,2026-06-28 21:19:08+00:00,2026-06-28 21:47:43+00:00,1715.0,0.0134110787093812,23,-0.3506195752117337,HIGH,523.8051858725636,Production Anomaly,egauge90773,i51
2026-06-28,310,2026-06-28 21:52:23+00:00,2026-06-28 22:33:17+00:00,2454.0,0.009372453133915,23,-0.3495280382048219,HIGH,745.5048584114614,Production Anomaly,egauge90773,i51
2026-06-28,311,2026-06-28 22:38:02+00:00,2026-06-28 23:22:37+00:00,2675.0,0.0115887850423967,31,-0.3506195752117337,HIGH,815.0051858725635,Production Anomaly,egauge90773,i51
2026-06-28,312,2026-06-28 23:27:22+00:00,2026-06-29 00:19:17+00:00,3115.0,0.0096308186164909,30,-0.3506195752117337,HIGH,946.6051858725637,Production Anomaly,egauge90773,i51
2026-06-29,313,2026-06-29 00:27:22+00:00,2026-06-29 03:59:30+00:00,12728.0,0.0113922061587529,145,-0.3506195752117337,HIGH,3876.5051858725633,Production Anomaly,egauge90773,i51
2026-06-29,314,2026-06-29 04:04:45+00:00,2026-06-29 04:04:45+00:00,0.0,1000000.0,1,-0.3479428479292872,HIGH,0.5043828543787862,Production Anomaly,egauge90773,i51
2026-06-29,315,2026-06-29 04:10:29+00:00,2026-06-29 06:16:53+00:00,7584.0,0.0108122362854941,82,-0.3517125147068318,HIGH,2308.105513754412,Production Anomaly,egauge90773,i51
2026-06-29,316,2026-06-29 06:22:08+00:00,2026-06-29 06:27:23+00:00,315.0,0.0126984126581002,4,-0.3491314630295673,HIGH,96.20473943890886,Production Anomaly,egauge90773,i51
2026-06-29,317,2026-06-29 06:32:37+00:00,2026-06-29 08:43:42+00:00,7865.0,0.0109345200240388,86,-0.3506195752117337,HIGH,2394.005185872564,Production Anomaly,egauge90773,i51
2026-06-29,318,2026-06-29 08:48:57+00:00,2026-06-29 09:50:02+00:00,3665.0,0.0090040927669838,33,-0.3503217442867826,HIGH,1112.805096523286,Production Anomaly,egauge90773,i51
2026-06-29,319,2026-06-29 09:55:11+00:00,2026-06-29 10:42:16+00:00,2825.0,0.0120353982258281,34,-0.3503217442867826,HIGH,861.2050965232861,Production Anomaly,egauge90773,i51
2026-06-29,320,2026-06-29 10:46:56+00:00,2026-06-29 11:19:46+00:00,1970.0,0.0111675126846865,22,-0.3503217442867826,HIGH,599.905096523286,Production Anomaly,egauge90773,i51
2026-06-29,321,2026-06-29 11:24:32+00:00,2026-06-29 11:32:35+00:00,483.0,0.012422360222728,6,-0.3497263952426624,HIGH,147.4049179185728,Production Anomaly,egauge90773,i51
2026-06-29,322,2026-06-29 11:37:15+00:00,2026-06-29 11:43:31+00:00,376.0,0.0132978723050588,5,-0.3491314630295673,HIGH,114.90473943890886,Production Anomaly,egauge90773,i51
2026-06-29,323,2026-06-29 11:48:15+00:00,2026-06-29 11:48:15+00:00,0.0,1000000.0,1,-0.3494288770504817,HIGH,0.5048286631151445,Production Anomaly,egauge90773,i51
2026-06-29,324,2026-06-29 11:54:54+00:00,2026-06-29 12:22:00+00:00,1626.0,0.011685116843982,19,-0.3503217442867826,HIGH,495.505096523286,Production Anomaly,egauge90773,i51
2026-06-29,325,2026-06-29 12:26:40+00:00,2026-06-29 14:12:49+00:00,6369.0,0.0116187784563324,74,-0.3498255911288657,HIGH,1940.4049476773384,Production Anomaly,egauge90773,i51
2026-06-29,326,2026-06-29 14:19:24+00:00,2026-06-29 14:42:19+00:00,1375.0,0.0116363636279008,16,-0.3495280382048219,HIGH,419.00485841146144,Production Anomaly,egauge90773,i51
2026-06-29,327,2026-06-29 14:48:29+00:00,2026-06-29 14:57:59+00:00,570.0,0.0105263157710064,6,-0.3488341531434455,HIGH,173.50465024594305,Production Anomaly,egauge90773,i51
2026-06-29,328,2026-06-29 15:02:44+00:00,2026-06-29 15:36:53+00:00,2049.0,0.0092728160032831,19,-0.3495280382048219,HIGH,622.4048584114614,Production Anomaly,egauge90773,i51
2026-06-29,329,2026-06-29 15:41:33+00:00,2026-06-29 15:44:28+00:00,175.0,0.0285714284081632,5,-0.3495280382048219,HIGH,54.60485841146145,Production Anomaly,egauge90773,i51
2026-06-29,330,2026-06-29 15:49:13+00:00,2026-06-29 15:52:03+00:00,170.0,0.0294117645328719,5,-0.3495280382048219,HIGH,53.10485841146145,Production Anomaly,egauge90773,i51
2026-06-29,331,2026-06-29 15:56:43+00:00,2026-06-29 15:58:13+00:00,90.0,0.0333333329629629,3,-0.3495280382048219,HIGH,28.30485841146145,Production Anomaly,egauge90773,i51
2026-06-29,332,2026-06-29 16:02:58+00:00,2026-06-29 16:21:27+00:00,1109.0,0.0126239855612047,14,-0.3495280382048219,HIGH,338.4048584114615,Production Anomaly,egauge90773,i51
2026-06-29,333,2026-06-29 16:25:38+00:00,2026-06-29 16:25:43+00:00,5.0,0.399999920000016,2,-0.3492305894642054,HIGH,2.4047691768392614,Production Anomaly,egauge90773,i51
2026-06-29,334,2026-06-29 16:30:28+00:00,2026-06-29 16:44:12+00:00,824.0,0.0157766990099797,13,-0.3495280382048219,HIGH,252.5048584114614,Production Anomaly,egauge90773,i51
2026-06-29,335,2026-06-29 16:51:18+00:00,2026-06-29 16:52:43+00:00,85.0,0.0235294114878892,2,-0.3495280382048219,HIGH,26.404858411461447,Production Anomaly,egauge90773,i51
2026-06-29,336,2026-06-29 17:00:23+00:00,2026-06-29 17:03:42+00:00,199.0,0.0150753768086664,3,-0.3482398456297474,HIGH,61.00447195368892,Production Anomaly,egauge90773,i51
2026-06-29,337,2026-06-29 17:07:58+00:00,2026-06-29 19:25:11+00:00,8233.0,0.0109316166633145,90,-0.3506195752117337,HIGH,2506.005185872564,Production Anomaly,egauge90773,i51
2026-06-29,338,2026-06-29 19:30:26+00:00,2026-06-29 21:31:04+00:00,7238.0,0.009947499307827,72,-0.3503217442867826,HIGH,2200.3050965232865,Production Anomaly,egauge90773,i51
2026-06-29,339,2026-06-29 21:35:21+00:00,2026-06-29 22:26:25+00:00,3064.0,0.0117493472546509,36,-0.3498255911288657,HIGH,933.7049476773386,Production Anomaly,egauge90773,i51
2026-06-29,340,2026-06-29 22:33:40+00:00,2026-06-29 22:40:20+00:00,400.0,0.01249999996875,5,-0.3491314630295673,HIGH,122.10473943890888,Production Anomaly,egauge90773,i51
2026-06-29,341,2026-06-29 22:47:00+00:00,2026-06-29 23:03:40+00:00,1000.0,0.008999999991,9,-0.3492305894642054,HIGH,303.7047691768393,Production Anomaly,egauge90773,i51
2026-06-29,342,2026-06-29 23:08:54+00:00,2026-06-29 23:08:54+00:00,0.0,1000000.0,1,-0.3477449072362418,HIGH,0.5043234721708726,Production Anomaly,egauge90773,i51
2026-06-29,343,2026-06-29 23:13:39+00:00,2026-06-30 00:10:25+00:00,3406.0,0.0105695830855638,36,-0.3498255911288657,HIGH,1036.3049476773388,Production Anomaly,egauge90773,i51
2026-06-30,344,2026-06-30 00:24:49+00:00,2026-06-30 01:01:33+00:00,2204.0,0.0099818511751443,22,-0.3495280382048219,HIGH,670.1048584114614,Production Anomaly,egauge90773,i51
2026-06-30,345,2026-06-30 01:06:19+00:00,2026-06-30 02:12:27+00:00,3968.0,0.0136088709643122,54,-0.3506195752117337,HIGH,1212.1051858725632,Production Anomaly,egauge90773,i51
2026-06-30,346,2026-06-30 02:17:43+00:00,2026-06-30 02:25:23+00:00,460.0,0.0152173912712665,7,-0.3495280382048219,HIGH,140.90485841146145,Production Anomaly,egauge90773,i51
2026-06-30,347,2026-06-30 02:31:07+00:00,2026-06-30 02:34:28+00:00,201.0,0.0149253730600727,3,-0.3482398456297474,HIGH,61.60447195368892,Production Anomaly,egauge90773,i51
2026-06-30,348,2026-06-30 03:10:17+00:00,2026-06-30 03:10:17+00:00,0.0,1000000.0,1,-0.3491314630295673,HIGH,0.5047394389088702,Production Anomaly,egauge90773,i51
2026-06-30,349,2026-06-30 03:15:32+00:00,2026-06-30 03:16:58+00:00,86.0,0.0232558136830719,2,-0.3495280382048219,HIGH,26.704858411461448,Production Anomaly,egauge90773,i51
2026-06-30,350,2026-06-30 03:46:02+00:00,2026-06-30 03:48:32+00:00,150.0,0.0333333331111111,5,-0.3509175104539748,HIGH,47.10527525313619,Production Anomaly,egauge90773,i51
2026-06-30,351,2026-06-30 03:53:12+00:00,2026-06-30 03:57:07+00:00,235.0,0.0127659573924852,3,-0.3506195752117337,HIGH,71.80518587256353,Production Anomaly,egauge90773,i51
2026-06-30,352,2026-06-30 06:21:35+00:00,2026-06-30 08:55:24+00:00,9229.0,0.0109437642202899,101,-0.3506195752117337,HIGH,2809.205185872564,Production Anomaly,egauge90773,i51
2026-06-30,353,2026-06-30 09:00:09+00:00,2026-06-30 09:20:14+00:00,1205.0,0.0107883817337855,13,-0.3498255911288657,HIGH,366.80494767733865,Production Anomaly,egauge90773,i51
2026-06-30,354,2026-06-30 09:26:03+00:00,2026-06-30 10:35:32+00:00,4169.0,0.0107939553823953,45,-0.3506195752117337,HIGH,1268.8051858725637,Production Anomaly,egauge90773,i51
2026-06-30,355,2026-06-30 10:41:32+00:00,2026-06-30 10:45:37+00:00,245.0,0.0122448979092045,3,-0.3498255911288657,HIGH,74.80494767733866,Production Anomaly,egauge90773,i51
2026-06-30,356,2026-06-30 10:51:58+00:00,2026-06-30 12:20:37+00:00,5319.0,0.0122203421672832,65,-0.3506195752117337,HIGH,1621.8051858725637,Production Anomaly,egauge90773,i51
2026-06-30,357,2026-06-30 12:27:36+00:00,2026-06-30 15:23:10+00:00,10534.0,0.0156635655956271,165,-0.3510168453893232,HIGH,3226.3053050536164,Production Anomaly,egauge90773,i51
2026-06-30,358,2026-06-30 15:28:05+00:00,2026-06-30 15:45:05+00:00,1020.0,0.0117647058708189,12,-0.3492305894642054,HIGH,310.9047691768393,Production Anomaly,egauge90773,i51
2026-06-30,359,2026-06-30 15:50:05+00:00,2026-06-30 15:55:05+00:00,300.0,0.0099999999666666,3,-0.3479428479292872,HIGH,91.3043828543788,Production Anomaly,egauge90773,i51
2026-06-30,360,2026-06-30 16:01:54+00:00,2026-06-30 16:33:19+00:00,1885.0,0.0090185676344729,17,-0.3517125147068318,HIGH,572.405513754412,Production Anomaly,egauge90773,i51
2026-06-30,361,2026-06-30 16:41:35+00:00,2026-06-30 16:56:36+00:00,901.0,0.0122086570341746,11,-0.3503217442867826,HIGH,274.805096523286,Production Anomaly,egauge90773,i51
2026-06-30,362,2026-06-30 17:01:34+00:00,2026-06-30 17:12:54+00:00,680.0,0.0132352940981833,9,-0.3500240176425963,HIGH,207.7050072052928,Production Anomaly,egauge90773,i51
2026-06-30,363,2026-06-30 17:17:29+00:00,2026-06-30 17:43:24+00:00,1555.0,0.0128617363261339,20,-0.3503217442867826,HIGH,474.605096523286,Production Anomaly,egauge90773,i51
2026-06-30,364,2026-06-30 17:52:34+00:00,2026-06-30 18:04:49+00:00,735.0,0.0108843537266879,8,-0.3503217442867826,HIGH,223.805096523286,Production Anomaly,egauge90773,i51
2026-06-30,365,2026-06-30 18:09:43+00:00,2026-06-30 18:21:08+00:00,685.0,0.0116788320997389,8,-0.3482398456297474,HIGH,208.8044719536889,Production Anomaly,egauge90773,i51
2026-06-30,366,2026-06-30 18:27:33+00:00,2026-06-30 19:20:03+00:00,3150.0,0.0120634920596623,38,-0.3509175104539748,HIGH,960.3052752531362,Production Anomaly,egauge90773,i51
2026-06-30,367,2026-06-30 19:25:08+00:00,2026-06-30 20:14:12+00:00,2944.0,0.0108695652136991,32,-0.3498255911288657,HIGH,896.1049476773386,Production Anomaly,egauge90773,i51
2026-06-30,368,2026-06-30 20:20:32+00:00,2026-06-30 21:45:37+00:00,5105.0,0.0137120470100466,70,-0.3514143011064871,HIGH,1559.605424290332,Production Anomaly,egauge90773,i51
2026-06-30,369,2026-06-30 21:50:37+00:00,2026-06-30 22:24:12+00:00,2015.0,0.0124069478846615,25,-0.3506195752117337,HIGH,614.6051858725635,Production Anomaly,egauge90773,i51
2026-06-30,370,2026-06-30 22:28:41+00:00,2026-06-30 22:28:41+00:00,0.0,1000000.0,1,-0.3482398456297474,HIGH,0.5044719536889243,Production Anomaly,egauge90773,i51
2026-06-30,371,2026-06-30 22:33:41+00:00,2026-06-30 23:16:52+00:00,2591.0,0.0123504438393089,32,-0.3506195752117337,HIGH,790.2051858725634,Production Anomaly,egauge90773,i51
2026-06-30,372,2026-06-30 23:29:01+00:00,2026-06-30 23:45:00+00:00,959.0,0.0114702815313135,11,-0.3498255911288657,HIGH,292.2049476773386,Production Anomaly,egauge90773,i51
2026-06-30,373,2026-06-30 23:51:00+00:00,2026-07-01 01:31:34+00:00,6034.0,0.013921113686788,84,-0.3509175104539748,HIGH,1843.905275253136,Production Anomaly,egauge90773,i51
2026-07-01,374,2026-07-01 01:35:40+00:00,2026-07-01 01:52:14+00:00,994.0,0.0120724345955005,12,-0.3495280382048219,HIGH,303.10485841146146,Production Anomaly,egauge90773,i51
2026-07-01,375,2026-07-01 01:57:20+00:00,2026-07-01 02:37:53+00:00,2433.0,0.0139745170513873,34,-0.3510168453893232,HIGH,743.6053050536168,Production Anomaly,egauge90773,i51
2026-07-01,376,2026-07-01 02:42:54+00:00,2026-07-01 02:45:49+00:00,175.0,0.0342857140897959,6,-0.3498255911288657,HIGH,55.004947677338656,Production Anomaly,egauge90773,i51
2026-07-01,377,2026-07-01 02:50:44+00:00,2026-07-01 03:25:35+00:00,2091.0,0.0143472022886909,30,-0.3503217442867826,HIGH,639.405096523286,Production Anomaly,egauge90773,i51
2026-07-01,378,2026-07-01 03:31:00+00:00,2026-07-01 03:49:24+00:00,1104.0,0.0135869565094321,15,-0.350818187113496,HIGH,337.30524545613406,Production Anomaly,egauge90773,i51
2026-07-01,379,2026-07-01 03:58:34+00:00,2026-07-01 04:01:53+00:00,199.0,0.025125628014444,5,-0.3492305894642054,HIGH,61.80476917683926,Production Anomaly,egauge90773,i51
2026-07-01,380,2026-07-01 04:07:53+00:00,2026-07-01 04:07:53+00:00,0.0,1000000.0,1,-0.3495280382048219,HIGH,0.5048584114614466,Production Anomaly,egauge90773,i51
2026-07-01,381,2026-07-01 04:14:14+00:00,2026-07-01 04:26:04+00:00,710.0,0.0126760563201745,9,-0.3498255911288657,HIGH,216.70494767733865,Production Anomaly,egauge90773,i51
2026-07-01,382,2026-07-01 04:30:13+00:00,2026-07-01 05:06:47+00:00,2194.0,0.0154968094733378,34,-0.3503217442867826,HIGH,671.905096523286,Production Anomaly,egauge90773,i51
2026-07-01,383,2026-07-01 05:10:58+00:00,2026-07-01 05:23:12+00:00,734.0,0.0108991825464588,8,-0.3492305894642054,HIGH,223.50476917683923,Production Anomaly,egauge90773,i51
2026-07-01,384,2026-07-01 05:27:43+00:00,2026-07-01 05:30:53+00:00,190.0,0.015789473601108,3,-0.3482398456297474,HIGH,58.304471953688925,Production Anomaly,egauge90773,i51
2026-07-01,385,2026-07-01 05:35:03+00:00,2026-07-01 05:48:11+00:00,788.0,0.0126903553138447,10,-0.3482398456297474,HIGH,240.5044719536889,Production Anomaly,egauge90773,i51
2026-07-01,386,2026-07-01 05:52:22+00:00,2026-07-01 06:47:06+00:00,3284.0,0.0130937880593502,43,-0.3506195752117337,HIGH,1002.5051858725636,Production Anomaly,egauge90773,i51
2026-07-01,387,2026-07-01 06:52:06+00:00,2026-07-01 07:29:56+00:00,2270.0,0.0110132158541792,25,-0.3506195752117337,HIGH,691.1051858725635,Production Anomaly,egauge90773,i51
2026-07-01,388,2026-07-01 07:38:06+00:00,2026-07-01 08:42:50+00:00,3884.0,0.01210092687639,47,-0.3506195752117337,HIGH,1184.1051858725634,Production Anomaly,egauge90773,i51
2026-07-01,389,2026-07-01 08:49:10+00:00,2026-07-01 08:53:16+00:00,246.0,0.0162601625355277,4,-0.3492305894642054,HIGH,75.50476917683925,Production Anomaly,egauge90773,i51
2026-07-01,390,2026-07-01 08:57:25+00:00,2026-07-01 09:11:05+00:00,820.0,0.0134146341299821,11,-0.3491314630295673,HIGH,250.50473943890887,Production Anomaly,egauge90773,i51
2026-07-01,391,2026-07-01 09:15:15+00:00,2026-07-01 09:33:05+00:00,1070.0,0.0093457943837889,10,-0.3495280382048219,HIGH,325.10485841146146,Production Anomaly,egauge90773,i51
2026-07-01,392,2026-07-01 09:37:30+00:00,2026-07-01 10:26:59+00:00,2969.0,0.0111148534822785,33,-0.3498255911288657,HIGH,904.0049476773388,Production Anomaly,egauge90773,i51
2026-07-01,393,2026-07-01 10:32:35+00:00,2026-07-01 12:25:43+00:00,6788.0,0.0117855038285525,80,-0.3503217442867826,HIGH,2068.505096523286,Production Anomaly,egauge90773,i51
2026-07-01,394,2026-07-01 12:31:14+00:00,2026-07-01 12:50:23+00:00,1149.0,0.0104438642206754,12,-0.3494288770504817,HIGH,349.60482866311514,Production Anomaly,egauge90773,i51
2026-07-01,395,2026-07-01 12:54:54+00:00,2026-07-01 13:06:48+00:00,714.0,0.0154061624434087,11,-0.3503217442867826,HIGH,218.705096523286,Production Anomaly,egauge90773,i51
2026-07-01,396,2026-07-01 13:11:38+00:00,2026-07-01 13:18:08+00:00,390.0,0.0205128204602235,8,-0.3495280382048219,HIGH,120.30485841146144,Production Anomaly,egauge90773,i51
2026-07-01,397,2026-07-01 13:22:18+00:00,2026-07-01 13:34:43+00:00,745.0,0.014765100651322,11,-0.3506195752117337,HIGH,228.00518587256352,Production Anomaly,egauge90773,i51
2026-07-01,398,2026-07-01 13:38:53+00:00,2026-07-01 14:36:22+00:00,3449.0,0.0113076253953877,39,-0.3506195752117337,HIGH,1050.4051858725634,Production Anomaly,egauge90773,i51
2026-07-01,399,2026-07-01 14:40:53+00:00,2026-07-01 16:05:52+00:00,5099.0,0.0135320651081521,69,-0.3509175104539748,HIGH,1557.405275253136,Production Anomaly,egauge90773,i51
2026-07-01,400,2026-07-01 16:10:02+00:00,2026-07-01 16:14:12+00:00,250.0,0.015999999936,4,-0.3482398456297474,HIGH,76.70447195368892,Production Anomaly,egauge90773,i51
2026-07-01,401,2026-07-01 16:19:16+00:00,2026-07-01 16:31:56+00:00,760.0,0.0105263157756232,8,-0.3491314630295673,HIGH,231.30473943890885,Production Anomaly,egauge90773,i51
2026-07-01,402,2026-07-01 16:36:06+00:00,2026-07-01 17:51:01+00:00,4495.0,0.0137931034452073,62,-0.3498255911288657,HIGH,1373.404947677339,Production Anomaly,egauge90773,i51
2026-07-01,403,2026-07-01 17:56:06+00:00,2026-07-01 20:13:34+00:00,8248.0,0.0126091173602559,104,-0.3506195752117337,HIGH,2516.105185872564,Production Anomaly,egauge90773,i51
2026-07-01,404,2026-07-01 20:17:45+00:00,2026-07-01 20:25:00+00:00,435.0,0.0091954022777117,4,-0.3479428479292872,HIGH,132.2043828543788,Production Anomaly,egauge90773,i51
2026-07-01,405,2026-07-01 20:29:10+00:00,2026-07-01 20:46:29+00:00,1039.0,0.0125120307868026,13,-0.3488341531434455,HIGH,317.004650245943,Production Anomaly,egauge90773,i51
2026-07-01,406,2026-07-01 20:50:40+00:00,2026-07-01 21:35:48+00:00,2708.0,0.0132939438651056,36,-0.3506195752117337,HIGH,826.9051858725635,Production Anomaly,egauge90773,i51
2026-07-01,407,2026-07-01 21:39:59+00:00,2026-07-01 21:49:58+00:00,599.0,0.0133555926321275,8,-0.3495280382048219,HIGH,183.0048584114614,Production Anomaly,egauge90773,i51
2026-07-01,408,2026-07-01 21:54:09+00:00,2026-07-01 21:55:58+00:00,109.0,0.0275229355273125,3,-0.3495280382048219,HIGH,34.00485841146145,Production Anomaly,egauge90773,i51
2026-07-01,409,2026-07-01 22:00:04+00:00,2026-07-01 22:49:03+00:00,2939.0,0.0105478053723893,31,-0.3491314630295673,HIGH,894.2047394389087,Production Anomaly,egauge90773,i51
2026-07-01,410,2026-07-01 22:54:08+00:00,2026-07-02 00:12:12+00:00,4684.0,0.0121690862484694,57,-0.3506195752117337,HIGH,1428.1051858725634,Production Anomaly,egauge90773,i51
2026-07-02,411,2026-07-02 00:17:12+00:00,2026-07-02 01:20:12+00:00,3780.0,0.0126984126950533,48,-0.3506195752117337,HIGH,1153.3051858725637,Production Anomaly,egauge90773,i51
2026-07-02,412,2026-07-02 01:25:17+00:00,2026-07-02 01:38:06+00:00,769.0,0.0195058517301614,15,-0.3503217442867826,HIGH,236.805096523286,Production Anomaly,egauge90773,i51
2026-07-02,413,2026-07-02 01:44:02+00:00,2026-07-02 01:45:00+00:00,58.0,0.051724137039239,3,-0.3488341531434455,HIGH,18.704650245943032,Production Anomaly,egauge90773,i51
2026-07-02,414,2026-07-02 01:51:02+00:00,2026-07-02 01:57:51+00:00,409.0,0.0097799510763326,4,-0.3488341531434455,HIGH,124.40465024594302,Production Anomaly,egauge90773,i51
2026-07-02,415,2026-07-02 02:02:02+00:00,2026-07-02 02:28:56+00:00,1614.0,0.0099132589777489,16,-0.3495280382048219,HIGH,490.70485841146143,Production Anomaly,egauge90773,i51
2026-07-02,416,2026-07-02 02:34:01+00:00,2026-07-02 03:11:18+00:00,2237.0,0.0125167635169795,28,-0.3506195752117337,HIGH,682.4051858725636,Production Anomaly,egauge90773,i51
2026-07-02,417,2026-07-02 03:15:26+00:00,2026-07-02 03:19:31+00:00,245.0,0.0122448979092045,3,-0.3503217442867826,HIGH,74.80509652328604,Production Anomaly,egauge90773,i51
2026-07-02,418,2026-07-02 03:24:31+00:00,2026-07-02 03:24:36+00:00,5.0,0.399999920000016,2,-0.3498255911288657,HIGH,2.40494767733866,Production Anomaly,egauge90773,i51
2026-07-02,419,2026-07-02 03:30:31+00:00,2026-07-02 04:01:00+00:00,1829.0,0.0109349371181328,20,-0.3491314630295673,HIGH,556.8047394389088,Production Anomaly,egauge90773,i51
2026-07-02,420,2026-07-02 04:05:11+00:00,2026-07-02 04:22:05+00:00,1014.0,0.0118343195149562,12,-0.3495280382048219,HIGH,309.10485841146146,Production Anomaly,egauge90773,i51
2026-07-02,421,2026-07-02 04:27:05+00:00,2026-07-02 06:05:30+00:00,5905.0,0.0125317527497829,74,-0.3506195752117337,HIGH,1801.205185872563,Production Anomaly,egauge90773,i51
2026-07-02,422,2026-07-02 06:10:29+00:00,2026-07-02 07:51:03+00:00,6034.0,0.0132582035112266,80,-0.3506195752117337,HIGH,1842.305185872564,Production Anomaly,egauge90773,i51
2026-07-02,423,2026-07-02 07:55:13+00:00,2026-07-02 08:07:03+00:00,710.0,0.0098591549156913,7,-0.3495280382048219,HIGH,215.90485841146145,Production Anomaly,egauge90773,i51
2026-07-02,424,2026-07-02 08:11:13+00:00,2026-07-02 08:12:07+00:00,54.0,0.0370370363511659,2,-0.3498255911288657,HIGH,17.10494767733866,Production Anomaly,egauge90773,i51
2026-07-02,425,2026-07-02 08:16:38+00:00,2026-07-02 08:42:13+00:00,1535.0,0.0123778501548027,19,-0.3506195752117337,HIGH,468.2051858725636,Production Anomaly,egauge90773,i51
2026-07-02,426,2026-07-02 08:52:13+00:00,2026-07-02 09:35:57+00:00,2624.0,0.0144817073115542,38,-0.3495280382048219,HIGH,802.5048584114614,Production Anomaly,egauge90773,i51
2026-07-02,427,2026-07-02 09:40:32+00:00,2026-07-02 09:53:47+00:00,795.0,0.012578616336379,10,-0.3495280382048219,HIGH,242.60485841146144,Production Anomaly,egauge90773,i51
2026-07-02,428,2026-07-02 09:58:17+00:00,2026-07-02 10:37:37+00:00,2360.0,0.0127118644013932,30,-0.3498255911288657,HIGH,720.1049476773387,Production Anomaly,egauge90773,i51
2026-07-02,429,2026-07-02 10:41:46+00:00,2026-07-02 10:55:26+00:00,820.0,0.0146341463236168,12,-0.3488341531434455,HIGH,250.90465024594303,Production Anomaly,egauge90773,i51
2026-07-02,430,2026-07-02 10:59:57+00:00,2026-07-02 11:08:46+00:00,529.0,0.018903591646685,10,-0.3488341531434455,HIGH,162.804650245943,Production Anomaly,egauge90773,i51
2026-07-02,431,2026-07-02 11:14:42+00:00,2026-07-02 11:22:21+00:00,459.0,0.01742919386181,8,-0.3498255911288657,HIGH,141.00494767733863,Production Anomaly,egauge90773,i51
2026-07-02,432,2026-07-02 11:30:06+00:00,2026-07-02 11:38:56+00:00,530.0,0.0150943395941616,8,-0.3498255911288657,HIGH,162.30494767733865,Production Anomaly,egauge90773,i51
2026-07-02,433,2026-07-02 11:43:26+00:00,2026-07-02 11:48:01+00:00,275.0,0.0218181817388429,6,-0.3498255911288657,HIGH,85.00494767733866,Production Anomaly,egauge90773,i51
2026-07-02,434,2026-07-02 11:53:26+00:00,2026-07-02 12:21:26+00:00,1680.0,0.0113095238027919,19,-0.3495280382048219,HIGH,511.7048584114615,Production Anomaly,egauge90773,i51
2026-07-02,435,2026-07-02 12:27:11+00:00,2026-07-02 12:32:46+00:00,335.0,0.01791044770773,6,-0.3495280382048219,HIGH,103.00485841146146,Production Anomaly,egauge90773,i51
2026-07-02,436,2026-07-02 12:38:15+00:00,2026-07-02 13:27:25+00:00,2950.0,0.0122033898263717,36,-0.3498255911288657,HIGH,899.5049476773387,Production Anomaly,egauge90773,i51
2026-07-02,437,2026-07-02 13:31:55+00:00,2026-07-02 13:36:25+00:00,270.0,0.0185185184499314,5,-0.3498255911288657,HIGH,83.10494767733866,Production Anomaly,egauge90773,i51
2026-07-02,438,2026-07-02 13:41:00+00:00,2026-07-02 14:07:50+00:00,1610.0,0.0161490683129508,26,-0.3506195752117337,HIGH,493.5051858725635,Production Anomaly,egauge90773,i51
2026-07-02,439,2026-07-02 14:13:20+00:00,2026-07-02 14:29:05+00:00,945.0,0.0126984126849752,12,-0.348536947355655,HIGH,288.4045610842067,Production Anomaly,egauge90773,i51
2026-07-02,440,2026-07-02 14:33:15+00:00,2026-07-02 14:36:25+00:00,190.0,0.015789473601108,3,-0.3491314630295673,HIGH,58.30473943890888,Production Anomaly,egauge90773,i51
2026-07-02,441,2026-07-02 14:41:55+00:00,2026-07-02 15:07:19+00:00,1524.0,0.0144356955285855,22,-0.3498255911288657,HIGH,466.10494767733866,Production Anomaly,egauge90773,i51
2026-07-02,442,2026-07-02 15:14:09+00:00,2026-07-02 15:29:59+00:00,950.0,0.009473684200554,9,-0.3495280382048219,HIGH,288.7048584114615,Production Anomaly,egauge90773,i51
2026-07-02,443,2026-07-02 15:35:44+00:00,2026-07-02 16:06:43+00:00,1859.0,0.0139860139784905,26,-0.3496272109350984,HIGH,568.2048881632804,Production Anomaly,egauge90773,i51
2026-07-02,444,2026-07-02 16:13:34+00:00,2026-07-02 16:35:54+00:00,1340.0,0.0141791044670305,19,-0.3488341531434455,HIGH,409.7046502459431,Production Anomaly,egauge90773,i51
2026-07-02,445,2026-07-02 16:52:34+00:00,2026-07-02 17:04:29+00:00,715.0,0.0125874125698078,9,-0.3503217442867826,HIGH,218.205096523286,Production Anomaly,egauge90773,i51
2026-07-02,446,2026-07-02 17:08:53+00:00,2026-07-02 17:29:53+00:00,1260.0,0.0150793650673973,19,-0.3498255911288657,HIGH,385.7049476773387,Production Anomaly,egauge90773,i51
2026-07-02,447,2026-07-02 17:34:18+00:00,2026-07-02 18:46:32+00:00,4334.0,0.0131518227934582,57,-0.3506195752117337,HIGH,1323.1051858725634,Production Anomaly,egauge90773,i51
2026-07-02,448,2026-07-02 18:52:03+00:00,2026-07-02 19:03:27+00:00,684.0,0.0146198830195615,10,-0.3498255911288657,HIGH,209.30494767733865,Production Anomaly,egauge90773,i51
2026-07-02,449,2026-07-02 19:08:47+00:00,2026-07-02 19:25:53+00:00,1026.0,0.0126705652897947,13,-0.3495280382048219,HIGH,313.10485841146146,Production Anomaly,egauge90773,i51
2026-07-02,450,2026-07-02 19:50:57+00:00,2026-07-02 20:58:56+00:00,4079.0,0.0134836969812494,55,-0.3498255911288657,HIGH,1245.8049476773388,Production Anomaly,egauge90773,i51
2026-07-02,451,2026-07-02 21:03:06+00:00,2026-07-02 21:03:06+00:00,0.0,1000000.0,1,-0.3491314630295673,HIGH,0.5047394389088702,Production Anomaly,egauge90773,i51
2026-07-02,452,2026-07-02 21:07:37+00:00,2026-07-02 21:13:31+00:00,354.0,0.0141242937454116,5,-0.3491314630295673,HIGH,108.30473943890888,Production Anomaly,egauge90773,i51
2026-07-02,453,2026-07-02 21:18:36+00:00,2026-07-02 21:48:20+00:00,1784.0,0.0128923766743876,23,-0.3506195752117337,HIGH,544.5051858725635,Production Anomaly,egauge90773,i51
2026-07-02,454,2026-07-02 21:52:31+00:00,2026-07-02 22:02:01+00:00,570.0,0.0140350876946752,8,-0.3520108327585011,HIGH,174.30560324982753,Production Anomaly,egauge90773,i51
2026-07-02,455,2026-07-02 22:16:16+00:00,2026-07-02 22:33:36+00:00,1040.0,0.0115384615273668,12,-0.3503217442867826,HIGH,316.90509652328603,Production Anomaly,egauge90773,i51
2026-07-02,456,2026-07-02 22:39:02+00:00,2026-07-02 22:43:59+00:00,297.0,0.0134680134226666,4,-0.3488341531434455,HIGH,90.80465024594302,Production Anomaly,egauge90773,i51
2026-07-02,457,2026-07-02 22:48:11+00:00,2026-07-03 00:28:15+00:00,6004.0,0.0126582278459929,76,-0.3506195752117337,HIGH,1831.705185872564,Production Anomaly,egauge90773,i51
2026-07-03,458,2026-07-03 00:33:20+00:00,2026-07-03 00:38:19+00:00,299.0,0.0133779263766624,4,-0.3482398456297474,HIGH,91.40447195368893,Production Anomaly,egauge90773,i51
2026-07-03,459,2026-07-03 00:42:30+00:00,2026-07-03 01:19:44+00:00,2234.0,0.0138764547834035,31,-0.350818187113496,HIGH,682.705245456134,Production Anomaly,egauge90773,i51
2026-07-03,460,2026-07-03 01:24:44+00:00,2026-07-03 01:33:34+00:00,530.0,0.0207547169419722,11,-0.3506195752117337,HIGH,163.50518587256352,Production Anomaly,egauge90773,i51
2026-07-03,461,2026-07-03 01:38:34+00:00,2026-07-03 02:00:59+00:00,1345.0,0.0156133828880197,21,-0.3495280382048219,HIGH,412.00485841146144,Production Anomaly,egauge90773,i51
2026-07-04,462,2026-07-04 04:20:18+00:00,2026-07-04 04:20:24+00:00,6.0,0.4999999166666805,3,-0.3576987702264093,HIGH,3.1073096310679227,Production Anomaly,egauge90773,i51
2026-07-04,463,2026-07-04 04:34:50+00:00,2026-07-04 05:01:15+00:00,1585.0,0.0113564668698066,18,-0.3547004015738452,HIGH,482.80641012047215,Production Anomaly,egauge90773,i51
2026-07-04,464,2026-07-04 05:06:14+00:00,2026-07-04 06:21:58+00:00,4544.0,0.0132042253492068,60,-0.3506195752117337,HIGH,1387.3051858725637,Production Anomaly,egauge90773,i51
2026-07-04,465,2026-07-04 06:28:49+00:00,2026-07-04 06:36:28+00:00,459.0,0.0196078430945362,9,-0.3507188753665333,HIGH,141.40521566260995,Production Anomaly,egauge90773,i51
2026-07-04,466,2026-07-04 06:42:19+00:00,2026-07-04 07:23:13+00:00,2454.0,0.0081499592468826,20,-0.3506195752117337,HIGH,744.3051858725635,Production Anomaly,egauge90773,i51
2026-07-04,467,2026-07-04 07:28:38+00:00,2026-07-04 07:40:23+00:00,705.0,0.0127659574287007,9,-0.3495280382048219,HIGH,215.20485841146143,Production Anomaly,egauge90773,i51
2026-07-04,468,2026-07-04 07:45:48+00:00,2026-07-04 07:48:03+00:00,135.0,0.0296296294101508,4,-0.3495280382048219,HIGH,42.20485841146145,Production Anomaly,egauge90773,i51
2026-07-04,469,2026-07-04 07:52:13+00:00,2026-07-04 08:26:22+00:00,2049.0,0.0102489018983655,21,-0.3491314630295673,HIGH,623.2047394389087,Production Anomaly,egauge90773,i51
2026-07-04,470,2026-07-04 08:31:27+00:00,2026-07-04 08:55:57+00:00,1470.0,0.0102040816257115,15,-0.3498255911288657,HIGH,447.10494767733866,Production Anomaly,egauge90773,i51
2026-07-04,471,2026-07-04 09:00:07+00:00,2026-07-04 09:10:57+00:00,650.0,0.013846153824852,9,-0.3494288770504817,HIGH,198.7048286631152,Production Anomaly,egauge90773,i51
2026-07-04,472,2026-07-04 09:15:07+00:00,2026-07-04 09:38:12+00:00,1385.0,0.0137184115424415,19,-0.3498255911288657,HIGH,423.2049476773387,Production Anomaly,egauge90773,i51
2026-07-04,473,2026-07-04 09:46:52+00:00,2026-07-04 09:52:16+00:00,324.0,0.0185185184613626,6,-0.3488341531434455,HIGH,99.70465024594304,Production Anomaly,egauge90773,i51
2026-07-04,474,2026-07-04 09:57:47+00:00,2026-07-04 10:17:28+00:00,1181.0,0.0135478408013989,16,-0.3488341531434455,HIGH,360.80465024594304,Production Anomaly,egauge90773,i51
2026-07-04,475,2026-07-04 10:21:37+00:00,2026-07-04 11:31:01+00:00,4164.0,0.0108069164239176,45,-0.3498255911288657,HIGH,1267.3049476773388,Production Anomaly,egauge90773,i51
2026-07-04,476,2026-07-04 11:35:31+00:00,2026-07-04 11:50:01+00:00,870.0,0.0126436781463865,11,-0.3488341531434455,HIGH,265.504650245943,Production Anomaly,egauge90773,i51
2026-07-04,477,2026-07-04 11:55:30+00:00,2026-07-04 12:07:45+00:00,735.0,0.0122448979425239,9,-0.348536947355655,HIGH,224.2045610842067,Production Anomaly,egauge90773,i51
2026-07-04,478,2026-07-04 12:18:40+00:00,2026-07-04 12:33:10+00:00,870.0,0.0126436781463865,11,-0.3491314630295673,HIGH,265.50473943890887,Production Anomaly,egauge90773,i51
2026-07-04,479,2026-07-04 12:51:45+00:00,2026-07-04 13:12:40+00:00,1255.0,0.0127490039739051,16,-0.3480418356066395,HIGH,383.004412550682,Production Anomaly,egauge90773,i51
2026-07-04,480,2026-07-04 13:17:05+00:00,2026-07-04 13:21:40+00:00,275.0,0.0254545453619834,7,-0.3506195752117337,HIGH,85.40518587256352,Production Anomaly,egauge90773,i51
2026-07-04,481,2026-07-04 13:27:05+00:00,2026-07-04 13:29:20+00:00,135.0,0.0148148147050754,2,-0.3479428479292872,HIGH,41.40438285437878,Production Anomaly,egauge90773,i51
2026-07-04,482,2026-07-04 13:33:50+00:00,2026-07-04 13:46:00+00:00,730.0,0.0123287671063989,9,-0.3488341531434455,HIGH,222.704650245943,Production Anomaly,egauge90773,i51
2026-07-04,483,2026-07-04 13:53:45+00:00,2026-07-04 14:16:49+00:00,1384.0,0.0137283236895026,19,-0.3494288770504817,HIGH,422.9048286631152,Production Anomaly,egauge90773,i51
2026-07-04,484,2026-07-04 14:22:19+00:00,2026-07-04 15:35:09+00:00,4370.0,0.0107551487389576,47,-0.3509175104539748,HIGH,1329.905275253136,Production Anomaly,egauge90773,i51
2026-07-04,485,2026-07-04 15:45:04+00:00,2026-07-04 16:30:08+00:00,2704.0,0.0136834319476022,37,-0.3501232482728275,HIGH,826.1050369744818,Production Anomaly,egauge90773,i51
2026-07-04,486,2026-07-04 16:34:18+00:00,2026-07-04 17:12:23+00:00,2285.0,0.0161925601679682,37,-0.3506195752117337,HIGH,700.4051858725635,Production Anomaly,egauge90773,i51
2026-07-04,487,2026-07-04 17:16:33+00:00,2026-07-04 17:43:42+00:00,1629.0,0.0116635972917964,19,-0.3500240176425963,HIGH,496.4050072052928,Production Anomaly,egauge90773,i51
2026-07-04,488,2026-07-04 17:52:27+00:00,2026-07-04 17:55:37+00:00,190.0,0.010526315734072,2,-0.3482398456297474,HIGH,57.90447195368892,Production Anomaly,egauge90773,i51
2026-07-04,489,2026-07-04 18:00:09+00:00,2026-07-04 18:02:22+00:00,133.0,0.0300751877437955,4,-0.3509175104539748,HIGH,41.60527525313619,Production Anomaly,egauge90773,i51
2026-07-04,490,2026-07-04 18:06:52+00:00,2026-07-04 18:06:52+00:00,0.0,1000000.0,1,-0.3474480828305938,HIGH,0.5042344248491781,Production Anomaly,egauge90773,i51
2026-07-04,491,2026-07-04 18:12:23+00:00,2026-07-04 18:17:27+00:00,304.0,0.0164473683669494,5,-0.3491314630295673,HIGH,93.30473943890888,Production Anomaly,egauge90773,i51
2026-07-04,492,2026-07-04 18:27:02+00:00,2026-07-04 19:10:13+00:00,2591.0,0.0131223465792657,34,-0.3506195752117337,HIGH,791.0051858725635,Production Anomaly,egauge90773,i51
2026-07-04,493,2026-07-04 19:15:42+00:00,2026-07-04 21:33:15+00:00,8253.0,0.0121168060084676,100,-0.3506195752117337,HIGH,2516.005185872564,Production Anomaly,egauge90773,i51
2026-07-04,494,2026-07-04 21:37:25+00:00,2026-07-04 21:46:00+00:00,515.0,0.0155339805523612,8,-0.3491314630295673,HIGH,157.80473943890885,Production Anomaly,egauge90773,i51
2026-07-04,495,2026-07-04 21:52:46+00:00,2026-07-04 22:02:15+00:00,569.0,0.0123022846883966,7,-0.3482398456297474,HIGH,173.60447195368891,Production Anomaly,egauge90773,i51
2026-07-04,496,2026-07-04 22:08:41+00:00,2026-07-04 23:48:10+00:00,5969.0,0.0107220639955231,64,-0.3509175104539748,HIGH,1816.405275253136,Production Anomaly,egauge90773,i51
2026-07-04,497,2026-07-04 23:54:30+00:00,2026-07-05 00:00:29+00:00,359.0,0.0139275765628758,5,-0.3479428479292872,HIGH,109.8043828543788,Production Anomaly,egauge90773,i51
2026-07-05,498,2026-07-05 00:06:49+00:00,2026-07-05 00:06:49+00:00,0.0,1000000.0,1,-0.3491314630295673,HIGH,0.5047394389088702,Production Anomaly,egauge90773,i51
2026-07-05,499,2026-07-05 00:16:31+00:00,2026-07-05 02:57:13+00:00,9642.0,0.0117195602559925,113,-0.3509175104539748,HIGH,2937.905275253136,Production Anomaly,egauge90773,i51
2026-07-05,500,2026-07-05 03:02:18+00:00,2026-07-05 04:46:40+00:00,6262.0,0.0126157777047882,79,-0.3506195752117337,HIGH,1910.3051858725632,Production Anomaly,egauge90773,i51
2026-07-05,501,2026-07-05 04:50:46+00:00,2026-07-05 05:06:36+00:00,950.0,0.009473684200554,9,-0.3492305894642054,HIGH,288.7047691768393,Production Anomaly,egauge90773,i51
2026-07-05,502,2026-07-05 05:10:46+00:00,2026-07-05 05:35:51+00:00,1505.0,0.0132890365360205,20,-0.3491314630295673,HIGH,459.6047394389089,Production Anomaly,egauge90773,i51
2026-07-05,503,2026-07-05 05:40:01+00:00,2026-07-05 05:50:51+00:00,650.0,0.0076923076804733,5,-0.3495280382048219,HIGH,197.10485841146144,Production Anomaly,egauge90773,i51
2026-07-05,504,2026-07-05 05:55:01+00:00,2026-07-05 06:46:05+00:00,3064.0,0.0127284595258719,39,-0.3509175104539748,HIGH,934.905275253136,Production Anomaly,egauge90773,i51
2026-07-05,505,2026-07-05 06:51:36+00:00,2026-07-05 07:06:35+00:00,899.0,0.0088987764083439,8,-0.3488341531434455,HIGH,273.004650245943,Production Anomaly,egauge90773,i51
2026-07-05,506,2026-07-05 07:11:06+00:00,2026-07-05 07:30:36+00:00,1170.0,0.010256410247644,12,-0.3494288770504817,HIGH,355.90482866311515,Production Anomaly,egauge90773,i51
2026-07-05,507,2026-07-05 07:35:59+00:00,2026-07-05 07:53:40+00:00,1061.0,0.0141376060187204,15,-0.3498255911288657,HIGH,324.40494767733867,Production Anomaly,egauge90773,i51
2026-07-05,508,2026-07-05 07:58:10+00:00,2026-07-05 08:21:25+00:00,1395.0,0.0207885304510476,29,-0.3495280382048219,HIGH,430.2048584114615,Production Anomaly,egauge90773,i51
2026-07-05,509,2026-07-05 08:25:50+00:00,2026-07-05 08:38:04+00:00,734.0,0.0149863760013809,11,-0.3520108327585011,HIGH,224.7056032498276,Production Anomaly,egauge90773,i51
2026-07-05,510,2026-07-05 08:43:34+00:00,2026-07-05 08:59:24+00:00,950.0,0.012631578934072,12,-0.3492305894642054,HIGH,289.9047691768393,Production Anomaly,egauge90773,i51
2026-07-05,511,2026-07-05 09:04:01+00:00,2026-07-05 09:33:59+00:00,1798.0,0.0111234705166165,20,-0.3498255911288657,HIGH,547.5049476773387,Production Anomaly,egauge90773,i51
2026-07-05,512,2026-07-05 09:40:44+00:00,2026-07-05 09:41:43+00:00,59.0,0.0508474567652973,3,-0.348536947355655,HIGH,19.004561084206696,Production Anomaly,egauge90773,i51
2026-07-05,513,2026-07-05 09:46:18+00:00,2026-07-05 10:10:24+00:00,1446.0,0.0103734439762286,15,-0.3495280382048219,HIGH,439.9048584114615,Production Anomaly,egauge90773,i51
2026-07-05,514,2026-07-05 10:17:09+00:00,2026-07-05 10:17:09+00:00,0.0,1000000.0,1,-0.3473491644590301,HIGH,0.5042047493377091,Production Anomaly,egauge90773,i51
2026-07-05,515,2026-07-05 10:22:38+00:00,2026-07-05 10:30:49+00:00,491.0,0.0162932789892193,8,-0.3488341531434455,HIGH,150.604650245943,Production Anomaly,egauge90773,i51
2026-07-05,516,2026-07-05 10:35:19+00:00,2026-07-05 10:35:19+00:00,0.0,1000000.0,1,-0.3474480828305938,HIGH,0.5042344248491781,Production Anomaly,egauge90773,i51
2026-07-05,517,2026-07-05 10:39:54+00:00,2026-07-05 10:49:58+00:00,604.0,0.0115894039543221,7,-0.3495280382048219,HIGH,184.10485841146144,Production Anomaly,egauge90773,i51
2026-07-05,518,2026-07-05 10:55:48+00:00,2026-07-05 11:33:58+00:00,2290.0,0.0131004366755019,30,-0.3517125147068318,HIGH,699.1055137544121,Production Anomaly,egauge90773,i51
2026-07-05,519,2026-07-05 11:38:33+00:00,2026-07-05 11:53:53+00:00,920.0,0.0152173912878071,14,-0.3495280382048219,HIGH,281.7048584114615,Production Anomaly,egauge90773,i51
2026-07-05,520,2026-07-05 11:58:44+00:00,2026-07-05 12:02:02+00:00,198.0,0.0252525251249872,5,-0.3482398456297474,HIGH,61.50447195368892,Production Anomaly,egauge90773,i51
2026-07-05,521,2026-07-05 12:07:57+00:00,2026-07-05 13:51:11+00:00,6194.0,0.0125928317706501,78,-0.3509175104539748,HIGH,1889.505275253136,Production Anomaly,egauge90773,i51
2026-07-05,522,2026-07-05 13:57:07+00:00,2026-07-05 13:58:01+00:00,54.0,0.0370370363511659,2,-0.3479428479292872,HIGH,17.104382854378787,Production Anomaly,egauge90773,i51
2026-07-05,523,2026-07-05 14:02:52+00:00,2026-07-05 14:21:12+00:00,1100.0,0.0136363636239669,15,-0.3491314630295673,HIGH,336.1047394389089,Production Anomaly,egauge90773,i51
2026-07-05,524,2026-07-05 14:25:36+00:00,2026-07-05 14:26:41+00:00,65.0,0.0461538454437869,3,-0.3498255911288657,HIGH,20.80494767733866,Production Anomaly,egauge90773,i51
2026-07-05,525,2026-07-05 14:33:31+00:00,2026-07-05 14:40:16+00:00,405.0,0.014814814778235,6,-0.3491314630295673,HIGH,124.00473943890889,Production Anomaly,egauge90773,i51
2026-07-06,526,2026-07-06 03:39:18+00:00,2026-07-06 03:41:45+00:00,147.0,0.020408163126475,3,-0.3557985844191244,HIGH,45.406739575325744,Production Anomaly,egauge90773,i51
2026-07-06,527,2026-07-06 03:46:30+00:00,2026-07-06 05:33:39+00:00,6429.0,0.0130657956115934,84,-0.3517125147068318,HIGH,1962.405513754412,Production Anomaly,egauge90773,i51
2026-07-06,528,2026-07-06 05:38:09+00:00,2026-07-06 05:42:39+00:00,270.0,0.0148148147599451,4,-0.3476459542178515,HIGH,82.70429378626535,Production Anomaly,egauge90773,i51
2026-07-06,529,2026-07-06 05:48:04+00:00,2026-07-06 06:06:34+00:00,1110.0,0.0126126126012498,14,-0.3491314630295673,HIGH,338.7047394389089,Production Anomaly,egauge90773,i51
2026-07-06,530,2026-07-06 06:13:18+00:00,2026-07-06 07:07:48+00:00,3270.0,0.0140672782831598,46,-0.3503217442867826,HIGH,999.505096523286,Production Anomaly,egauge90773,i51
2026-07-06,531,2026-07-06 07:12:18+00:00,2026-07-06 07:26:42+00:00,864.0,0.0138888888728137,12,-0.3494288770504817,HIGH,264.10482866311514,Production Anomaly,egauge90773,i51
2026-07-06,532,2026-07-06 07:37:04+00:00,2026-07-06 07:46:57+00:00,593.0,0.0084317031898284,5,-0.3491314630295673,HIGH,180.00473943890887,Production Anomaly,egauge90773,i51
2026-07-06,533,2026-07-06 07:51:27+00:00,2026-07-06 08:50:27+00:00,3540.0,0.0163841807863321,58,-0.3509175104539748,HIGH,1085.3052752531362,Production Anomaly,egauge90773,i51
2026-07-06,534,2026-07-06 08:57:12+00:00,2026-07-06 09:04:02+00:00,410.0,0.0219512194586555,9,-0.3495280382048219,HIGH,126.70485841146144,Production Anomaly,egauge90773,i51
2026-07-06,535,2026-07-06 09:09:31+00:00,2026-07-06 09:23:26+00:00,835.0,0.0107784431008641,9,-0.3495280382048219,HIGH,254.20485841146143,Production Anomaly,egauge90773,i51
2026-07-06,536,2026-07-06 09:34:41+00:00,2026-07-06 09:40:32+00:00,351.0,0.0142450142044301,5,-0.3491314630295673,HIGH,107.40473943890886,Production Anomaly,egauge90773,i51
2026-07-06,537,2026-07-06 09:47:16+00:00,2026-07-06 10:50:05+00:00,3769.0,0.0143274077966762,54,-0.3498255911288657,HIGH,1152.404947677339,Production Anomaly,egauge90773,i51
2026-07-06,538,2026-07-06 10:54:36+00:00,2026-07-06 10:56:01+00:00,85.0,0.0352941172318339,3,-0.3498255911288657,HIGH,26.80494767733866,Production Anomaly,egauge90773,i51
2026-07-06,539,2026-07-06 11:01:30+00:00,2026-07-06 11:08:20+00:00,410.0,0.0146341463057703,6,-0.3491314630295673,HIGH,125.50473943890889,Production Anomaly,egauge90773,i51
2026-07-06,540,2026-07-06 11:13:16+00:00,2026-07-06 11:22:21+00:00,545.0,0.0128440366736806,7,-0.3488341531434455,HIGH,166.40465024594303,Production Anomaly,egauge90773,i51
2026-07-06,541,2026-07-06 11:29:05+00:00,2026-07-06 12:55:20+00:00,5175.0,0.0114009661813717,59,-0.3500240176425963,HIGH,1576.2050072052928,Production Anomaly,egauge90773,i51
2026-07-06,542,2026-07-06 13:01:09+00:00,2026-07-06 13:25:39+00:00,1470.0,0.0149659863843768,22,-0.3491314630295673,HIGH,449.9047394389089,Production Anomaly,egauge90773,i51
2026-07-06,543,2026-07-06 13:30:14+00:00,2026-07-06 14:31:23+00:00,3669.0,0.0109021531722806,40,-0.3498255911288657,HIGH,1116.8049476773388,Production Anomaly,egauge90773,i51
2026-07-11,544,2026-07-11 05:19:42+00:00,2026-07-11 05:24:59+00:00,317.0,0.0157728706127038,5,-0.3571983126569673,HIGH,97.20715949379708,Production Anomaly,egauge90773,i51
2026-07-11,545,2026-07-11 05:29:29+00:00,2026-07-11 05:34:34+00:00,305.0,0.0163934425692018,5,-0.3495280382048219,HIGH,93.60485841146144,Production Anomaly,egauge90773,i51
2026-07-11,546,2026-07-11 05:40:24+00:00,2026-07-11 05:41:24+00:00,60.0,0.0666666655555555,4,-0.3491314630295673,HIGH,19.70473943890887,Production Anomaly,egauge90773,i51
2026-07-11,547,2026-07-11 05:50:54+00:00,2026-07-11 06:33:28+00:00,2554.0,0.0129209083739542,33,-0.3492305894642054,HIGH,779.5047691768392,Production Anomaly,egauge90773,i51
2026-07-11,548,2026-07-11 06:38:28+00:00,2026-07-11 07:40:08+00:00,3700.0,0.0097297297271,36,-0.3506195752117337,HIGH,1124.5051858725635,Production Anomaly,egauge90773,i51
2026-07-11,549,2026-07-11 07:46:28+00:00,2026-07-11 07:56:52+00:00,624.0,0.0128205127999671,8,-0.3482398456297474,HIGH,190.5044719536889,Production Anomaly,egauge90773,i51
2026-07-11,550,2026-07-11 08:03:12+00:00,2026-07-11 09:21:22+00:00,4690.0,0.0117270788887575,55,-0.3506195752117337,HIGH,1429.1051858725634,Production Anomaly,egauge90773,i51
2026-07-11,551,2026-07-11 09:25:52+00:00,2026-07-11 09:31:16+00:00,324.0,0.0154320987178021,5,-0.3479428479292872,HIGH,99.3043828543788,Production Anomaly,egauge90773,i51
2026-07-11,552,2026-07-11 09:35:47+00:00,2026-07-11 09:36:41+00:00,54.0,0.0370370363511659,2,-0.3479428479292872,HIGH,17.104382854378787,Production Anomaly,egauge90773,i51
2026-07-11,553,2026-07-11 09:41:12+00:00,2026-07-11 11:00:27+00:00,4755.0,0.0117770767588271,56,-0.3498255911288657,HIGH,1449.0049476773388,Production Anomaly,egauge90773,i51
2026-07-11,554,2026-07-11 11:04:51+00:00,2026-07-11 11:27:52+00:00,1381.0,0.0123099203386604,17,-0.3495280382048219,HIGH,421.2048584114615,Production Anomaly,egauge90773,i51
2026-07-11,555,2026-07-11 11:32:20+00:00,2026-07-11 11:44:00+00:00,700.0,0.0099999999857142,7,-0.3482398456297474,HIGH,212.90447195368893,Production Anomaly,egauge90773,i51
2026-07-11,556,2026-07-11 11:48:56+00:00,2026-07-11 11:49:50+00:00,54.0,0.0370370363511659,2,-0.3488341531434455,HIGH,17.104650245943034,Production Anomaly,egauge90773,i51
2026-07-11,557,2026-07-11 11:55:40+00:00,2026-07-11 11:58:24+00:00,164.0,0.012195121876859,2,-0.3488341531434455,HIGH,50.10465024594303,Production Anomaly,egauge90773,i51
2026-07-11,558,2026-07-11 12:02:50+00:00,2026-07-11 12:50:55+00:00,2885.0,0.0103986135145932,30,-0.3498255911288657,HIGH,877.6049476773387,Production Anomaly,egauge90773,i51
2026-07-11,559,2026-07-11 12:55:25+00:00,2026-07-11 13:02:09+00:00,404.0,0.0173267326303793,7,-0.3488341531434455,HIGH,124.10465024594302,Production Anomaly,egauge90773,i51
2026-07-11,560,2026-07-11 13:07:54+00:00,2026-07-11 13:10:14+00:00,140.0,0.0285714283673469,4,-0.3479428479292872,HIGH,43.70438285437879,Production Anomaly,egauge90773,i51
2026-07-11,561,2026-07-11 13:15:10+00:00,2026-07-11 13:41:39+00:00,1589.0,0.0119572057822799,19,-0.3510168453893232,HIGH,484.4053050536168,Production Anomaly,egauge90773,i51
2026-07-11,562,2026-07-11 13:47:30+00:00,2026-07-11 14:30:39+00:00,2589.0,0.0139049826134009,36,-0.3506195752117337,HIGH,791.2051858725634,Production Anomaly,egauge90773,i51
2026-06-22,0,2026-06-22 01:26:55+00:00,2026-06-22 08:29:37+00:00,25362.0,0.0001182872013201,3,-0.2933267873883302,HIGH,7609.887998036215,Production Anomaly,egauge113530,i11
2026-06-22,1,2026-06-22 19:19:57+00:00,2026-06-22 19:19:59+00:00,2.0,1.499999250000375,3,-0.316808062226942,HIGH,1.895042418668083,Production Anomaly,egauge113530,i11
2026-06-21,2,2026-06-21 19:40:40+00:00,2026-06-22 08:03:29+00:00,44569.0,0.0003589939195324,16,-0.2576956620276838,HIGH,13377.177308698609,Production Anomaly,egauge113530,i21
2026-06-22,3,2026-06-22 16:42:49+00:00,2026-06-22 22:02:42+00:00,19193.0,0.0002084093158855,4,-0.185393075413735,MEDIUM,5759.555617922624,Production Anomaly,egauge113530,i21
2026-06-21,4,2026-06-21 19:42:06+00:00,2026-06-21 19:42:06+00:00,0.0,1000000.0,1,-0.1496125718239779,MEDIUM,0.4448837715471934,Production Anomaly,egauge113530,i31
2026-06-22,5,2026-06-22 11:31:02+00:00,2026-06-22 16:12:33+00:00,16891.0,0.0002368125036861,4,-0.1859306411666507,MEDIUM,5068.955779192351,Production Anomaly,egauge113530,i31
2026-06-22,6,2026-06-22 03:08:40+00:00,2026-06-22 04:04:02+00:00,3322.0,0.0030102347974081,10,-0.2099063710582476,HIGH,1000.6629719113174,Production Anomaly,egauge113530,i41
2026-06-22,7,2026-06-22 06:03:12+00:00,2026-06-22 08:19:06+00:00,8154.0,0.0013490311501902,11,-0.2590511713373418,HIGH,2450.6777153514013,Production Anomaly,egauge113530,i41
2026-06-22,8,2026-06-22 09:47:52+00:00,2026-06-22 09:47:52+00:00,0.0,1000000.0,1,-0.1755308379616276,MEDIUM,0.4526592513884883,Production Anomaly,egauge113530,i41
2026-06-22,9,2026-06-22 14:15:07+00:00,2026-06-22 17:01:35+00:00,9988.0,0.0006007208649779,6,-0.2295259253033958,HIGH,2998.868857777591,Production Anomaly,egauge113530,i51
2026-06-22,10,2026-06-22 22:32:53+00:00,2026-06-22 22:32:53+00:00,0.0,1000000.0,1,-0.1613482927636608,MEDIUM,0.4484044878290982,Production Anomaly,egauge113530,i51
2026-05-12,11,2026-05-12 08:58:24+00:00,2026-05-12 08:58:24+00:00,0.0,1000000.0,1,-0.2566802342626217,HIGH,0.4770040702787865,Production Anomaly,egauge90773,i11
2026-05-24,12,2026-05-24 02:50:44+00:00,2026-05-24 02:50:45+00:00,1.0,1.999998000002,2,-0.3008126739484615,HIGH,1.1902438021845383,Production Anomaly,egauge90773,i11
2026-06-04,13,2026-06-04 03:28:29+00:00,2026-06-20 02:57:37+00:00,1380548.0,1.5935700895574848e-05,22,-0.3221461790961878,HIGH,414173.29664385365,Production Anomaly,egauge90773,i11
2026-04-29,14,2026-04-29 03:40:00+00:00,2026-04-30 01:49:44+00:00,79784.0,3.760152411463952e-05,3,-0.2715334394205521,HIGH,23936.481460031828,Production Anomaly,egauge90773,i21
2026-05-04,15,2026-05-04 00:41:48+00:00,2026-05-04 00:41:48+00:00,0.0,1000000.0,1,-0.2150276184710702,HIGH,0.464508285541321,Production Anomaly,egauge90773,i21
2026-05-13,16,2026-05-13 03:10:11+00:00,2026-05-13 14:22:59+00:00,40368.0,0.0013624653190308,55,-0.3642430624523727,HIGH,12132.509272918734,Production Anomaly,egauge90773,i21
2026-05-16,17,2026-05-16 03:03:43+00:00,2026-05-16 16:05:08+00:00,46885.0,0.0010237815932382,48,-0.383193023095162,HIGH,14084.814957906929,Production Anomaly,egauge90773,i21
2026-06-02,18,2026-06-02 02:55:21+00:00,2026-06-02 08:59:53+00:00,21872.0,0.0002743233357592,6,-0.2611503620374036,HIGH,6564.07834510861,Production Anomaly,egauge90773,i21
2026-06-06,19,2026-06-06 03:15:12+00:00,2026-06-07 14:44:57+00:00,127785.0,2.347693391224732e-05,3,-0.2225674462401433,HIGH,38336.766770233866,Production Anomaly,egauge90773,i21
2026-06-13,20,2026-06-13 07:26:41+00:00,2026-06-13 14:51:15+00:00,26674.0,0.000149958761335,4,-0.2599319894797993,HIGH,8003.877979596844,Production Anomaly,egauge90773,i21
2026-04-29,21,2026-04-29 02:58:35+00:00,2026-04-29 03:40:10+00:00,2495.0,0.0537074148081333,134,-0.3999506141247567,HIGH,802.2199851842374,Production Anomaly,egauge90773,i31
2026-04-29,22,2026-04-29 14:23:20+00:00,2026-04-29 14:23:28+00:00,8.0,1.1249998593750177,9,-0.2784400884729034,HIGH,6.083532026541871,Production Anomaly,egauge90773,i31
2026-04-30,23,2026-04-30 01:49:43+00:00,2026-04-30 01:53:24+00:00,221.0,0.1131221714338363,25,-0.4098365497046085,HIGH,76.42295096491138,Production Anomaly,egauge90773,i31
2026-04-30,24,2026-04-30 14:19:42+00:00,2026-04-30 14:19:51+00:00,9.0,0.8888887901234679,8,-0.2883644424723386,HIGH,5.986509332741702,Production Anomaly,egauge90773,i31
2026-05-02,25,2026-05-02 10:34:59+00:00,2026-05-02 10:35:06+00:00,7.0,1.14285697959186,8,-0.3672962194244825,HIGH,5.410188865827346,Production Anomaly,egauge90773,i31
2026-05-03,26,2026-05-03 14:09:58+00:00,2026-05-03 14:10:07+00:00,9.0,0.7777776913580343,7,-0.3071858952047961,HIGH,5.592155768561439,Production Anomaly,egauge90773,i31
2026-05-04,27,2026-05-04 00:24:53+00:00,2026-05-04 03:30:25+00:00,11132.0,0.0024254401722578,27,-0.3960888684129496,HIGH,3350.518826660524,Production Anomaly,egauge90773,i31
2026-05-11,28,2026-05-11 13:14:00+00:00,2026-05-11 13:14:11+00:00,11.0,0.8181817438016598,9,-0.3398190590615827,HIGH,7.001945717718475,Production Anomaly,egauge90773,i31
2026-05-13,29,2026-05-13 03:10:11+00:00,2026-05-13 04:36:59+00:00,5208.0,0.0013440860212472,7,-0.3508225421482329,HIGH,1565.3052467626444,Production Anomaly,egauge90773,i31
2026-06-04,30,2026-06-04 03:56:32+00:00,2026-06-04 03:56:32+00:00,0.0,1000000.0,1,-0.2519223807913582,HIGH,0.4755767142374075,Production Anomaly,egauge90773,i31
2026-06-10,31,2026-06-10 12:46:02+00:00,2026-06-10 12:46:03+00:00,1.0,1.999998000002,2,-0.2639908580382798,HIGH,1.179197257411484,Production Anomaly,egauge90773,i31
2026-06-16,32,2026-06-16 02:36:29+00:00,2026-06-16 02:36:29+00:00,0.0,1000000.0,1,-0.2456177315256723,HIGH,0.4736853194577017,Production Anomaly,egauge90773,i31
2026-06-20,33,2026-06-20 02:58:33+00:00,2026-06-20 03:26:03+00:00,1650.0,0.0018181818170798,3,-0.2506894556969411,HIGH,496.27520683670906,Production Anomaly,egauge90773,i31
2026-04-29,34,2026-04-29 02:58:18+00:00,2026-04-29 05:45:13+00:00,10015.0,0.002995506739591,30,-0.2564047002932902,HIGH,3016.576921410088,Production Anomaly,egauge90773,i41
2026-04-29,35,2026-04-29 08:36:59+00:00,2026-04-29 08:36:59+00:00,0.0,1000000.0,1,-0.1203897852749393,MEDIUM,0.4361169355824818,Production Anomaly,egauge90773,i41
2026-04-29,36,2026-04-29 10:58:21+00:00,2026-04-29 10:58:21+00:00,0.0,1000000.0,1,-0.1248867031079637,MEDIUM,0.4374660109323892,Production Anomaly,egauge90773,i41
2026-04-29,37,2026-04-29 15:03:21+00:00,2026-04-29 15:03:31+00:00,10.0,0.699999930000007,7,-0.1952776803137504,MEDIUM,5.858583304094126,Production Anomaly,egauge90773,i41
2026-04-30,38,2026-04-30 03:11:53+00:00,2026-04-30 06:54:12+00:00,13339.0,0.0015743309092454,21,-0.2852758210036833,HIGH,4010.185582746301,Production Anomaly,egauge90773,i41
2026-04-30,39,2026-04-30 10:14:11+00:00,2026-04-30 14:17:31+00:00,14600.0,0.0007534246574826,11,-0.1332467563404286,MEDIUM,4384.439974026902,Production Anomaly,egauge90773,i41
2026-05-02,40,2026-05-02 11:23:06+00:00,2026-05-02 12:54:03+00:00,5457.0,0.0009162543520402,5,-0.115892040700725,MEDIUM,1639.1347676122102,Production Anomaly,egauge90773,i41
2026-05-02,41,2026-05-02 15:00:06+00:00,2026-05-02 15:01:15+00:00,69.0,0.0434782602394455,3,-0.1078798321390186,LOW,21.932363949641704,Production Anomaly,egauge90773,i41
2026-05-03,42,2026-05-03 02:52:56+00:00,2026-05-03 04:46:38+00:00,6822.0,0.0017590149513692,12,-0.2485541059709729,HIGH,2051.4745662317914,Production Anomaly,egauge90773,i41
2026-05-03,43,2026-05-03 09:05:27+00:00,2026-05-03 12:54:38+00:00,13751.0,0.0010908297577564,15,-0.2499233755990095,HIGH,4131.37497701268,Production Anomaly,egauge90773,i41
2026-05-03,44,2026-05-03 14:35:02+00:00,2026-05-03 14:48:51+00:00,829.0,0.0072376356969389,6,-0.1521529001998551,MEDIUM,251.14564587005995,Production Anomaly,egauge90773,i41
2026-05-04,45,2026-05-04 03:37:11+00:00,2026-05-04 03:49:47+00:00,756.0,0.0092592592470115,7,-0.2535576795103902,HIGH,229.6760673038531,Production Anomaly,egauge90773,i41
2026-05-04,46,2026-05-04 05:34:01+00:00,2026-05-04 06:17:46+00:00,2625.0,0.0011428571424217,3,-0.1357975051432616,MEDIUM,788.740739251543,Production Anomaly,egauge90773,i41
2026-05-04,47,2026-05-04 07:54:49+00:00,2026-05-04 08:23:48+00:00,1739.0,0.0011500862558078,2,-0.124027293140289,MEDIUM,522.5372081879419,Production Anomaly,egauge90773,i41
2026-05-11,48,2026-05-11 13:38:24+00:00,2026-05-11 13:51:19+00:00,775.0,0.0025806451579604,2,-0.1066161665608369,MEDIUM,233.33198484996825,Production Anomaly,egauge90773,i41
2026-05-11,49,2026-05-11 18:06:36+00:00,2026-05-11 18:06:36+00:00,0.0,1000000.0,1,-0.0999523190106096,MEDIUM,0.4299856957031829,Production Anomaly,egauge90773,i41
2026-05-11,50,2026-05-11 20:43:11+00:00,2026-05-11 22:59:25+00:00,8174.0,0.0011010521163321,9,-0.1273991332884755,MEDIUM,2455.8382197399865,Production Anomaly,egauge90773,i41
2026-05-12,51,2026-05-12 01:05:26+00:00,2026-05-12 05:37:56+00:00,16350.0,0.0004892966360557,8,-0.2217859190266521,HIGH,4908.266535775708,Production Anomaly,egauge90773,i41
2026-05-12,52,2026-05-12 09:55:05+00:00,2026-05-12 09:55:05+00:00,0.0,1000000.0,1,-0.112592700706768,MEDIUM,0.4337778102120304,Production Anomaly,egauge90773,i41
2026-05-12,53,2026-05-12 14:39:05+00:00,2026-05-12 14:52:07+00:00,782.0,0.003836317130644,3,-0.1211457134614553,MEDIUM,235.8363437140384,Production Anomaly,egauge90773,i41
2026-05-12,54,2026-05-12 21:30:43+00:00,2026-05-12 21:30:43+00:00,0.0,1000000.0,1,-0.1000812756688083,MEDIUM,0.4300243827006425,Production Anomaly,egauge90773,i41
2026-05-13,55,2026-05-13 14:40:37+00:00,2026-05-13 16:11:05+00:00,5428.0,0.0018422991890489,10,-0.2476413367467039,HIGH,1632.4742924010238,Production Anomaly,egauge90773,i41
2026-05-13,56,2026-05-13 19:19:16+00:00,2026-05-13 19:19:17+00:00,1.0,1.999998000002,2,-0.2092099811735955,HIGH,1.1627629943520787,Production Anomaly,egauge90773,i41
2026-05-13,57,2026-05-13 22:23:09+00:00,2026-05-13 22:23:10+00:00,1.0,1.999998000002,2,-0.19541047794612,MEDIUM,1.158623143383836,Production Anomaly,egauge90773,i41
2026-05-14,58,2026-05-14 01:16:05+00:00,2026-05-14 01:16:06+00:00,1.0,1.999998000002,2,-0.2178892837982859,HIGH,1.165366785139486,Production Anomaly,egauge90773,i41
2026-05-14,59,2026-05-14 02:49:54+00:00,2026-05-14 02:57:10+00:00,436.0,0.0229357797639087,10,-0.2479897612698569,HIGH,134.87439692838095,Production Anomaly,egauge90773,i41
2026-05-14,60,2026-05-14 04:38:12+00:00,2026-05-14 05:56:32+00:00,4700.0,0.000425531914803,2,-0.1200112074603987,MEDIUM,1410.836003362238,Production Anomaly,egauge90773,i41
2026-05-14,61,2026-05-14 08:56:03+00:00,2026-05-14 08:56:04+00:00,1.0,1.999998000002,2,-0.1865892326829339,MEDIUM,1.1559767698048802,Production Anomaly,egauge90773,i41
2026-05-14,62,2026-05-14 10:45:43+00:00,2026-05-14 11:44:11+00:00,3508.0,0.0025655644234419,9,-0.2512877802419012,HIGH,1056.0753863340724,Production Anomaly,egauge90773,i41
2026-05-14,63,2026-05-14 14:23:46+00:00,2026-05-14 17:58:02+00:00,12856.0,0.0007778469196656,10,-0.202188635328148,HIGH,3860.860656590598,Production Anomaly,egauge90773,i41
2026-05-14,64,2026-05-14 19:29:17+00:00,2026-05-14 19:29:17+00:00,0.0,1000000.0,1,-0.1027541061515383,MEDIUM,0.4308262318454615,Production Anomaly,egauge90773,i41
2026-05-14,65,2026-05-14 22:28:43+00:00,2026-05-14 22:28:43+00:00,0.0,1000000.0,1,-0.1107141966964012,MEDIUM,0.4332142590089204,Production Anomaly,egauge90773,i41
2026-05-16,66,2026-05-16 03:01:06+00:00,2026-05-16 04:15:01+00:00,4435.0,0.0078917700094945,35,-0.2860658887985875,HIGH,1344.5858197666396,Production Anomaly,egauge90773,i41
2026-05-16,67,2026-05-16 05:47:33+00:00,2026-05-16 06:03:47+00:00,974.0,0.0020533880882408,2,-0.1024560865913656,MEDIUM,293.0307368259774,Production Anomaly,egauge90773,i41
2026-05-16,68,2026-05-16 07:43:29+00:00,2026-05-16 07:43:29+00:00,0.0,1000000.0,1,-0.1364301532120283,MEDIUM,0.4409290459636085,Production Anomaly,egauge90773,i41
2026-05-16,69,2026-05-16 09:39:16+00:00,2026-05-16 14:15:51+00:00,16595.0,0.0004218137993117,7,-0.1550476171207884,MEDIUM,4981.346514285136,Production Anomaly,egauge90773,i41
2026-05-16,70,2026-05-16 16:22:07+00:00,2026-05-16 19:40:27+00:00,11900.0,0.0005882352940682,7,-0.169380126765257,MEDIUM,3572.85081403803,Production Anomaly,egauge90773,i41
2026-05-16,71,2026-05-16 22:09:46+00:00,2026-05-16 23:31:15+00:00,4889.0,0.0020454080584893,10,-0.1417082874845501,MEDIUM,1470.7425124862457,Production Anomaly,egauge90773,i41
2026-05-17,72,2026-05-17 01:12:44+00:00,2026-05-17 01:29:54+00:00,1030.0,0.0038834951418606,4,-0.1519741066548542,MEDIUM,310.6455922319965,Production Anomaly,egauge90773,i41
2026-05-17,73,2026-05-17 04:23:45+00:00,2026-05-17 04:23:45+00:00,0.0,1000000.0,1,-0.1081054932039551,MEDIUM,0.4324316479611865,Production Anomaly,egauge90773,i41
2026-05-17,74,2026-05-17 07:36:55+00:00,2026-05-17 10:58:53+00:00,12118.0,0.0010727842877477,13,-0.1344343540526124,MEDIUM,3640.640330306216,Production Anomaly,egauge90773,i41
2026-05-17,75,2026-05-17 20:07:00+00:00,2026-05-17 20:07:08+00:00,8.0,0.7499999062500118,6,-0.1860172080138473,MEDIUM,4.855805162404155,Production Anomaly,egauge90773,i41
2026-05-18,76,2026-05-18 03:21:56+00:00,2026-05-18 06:09:07+00:00,10031.0,0.001794437244363,18,-0.2442383208333686,HIGH,3016.5732714962496,Production Anomaly,egauge90773,i41
2026-05-18,77,2026-05-18 10:24:18+00:00,2026-05-18 14:37:25+00:00,15187.0,0.000592612102417,9,-0.1388160293061778,MEDIUM,4559.741644808792,Production Anomaly,egauge90773,i41
2026-05-18,78,2026-05-18 16:52:14+00:00,2026-05-18 16:52:15+00:00,1.0,1.999998000002,2,-0.1727365970050186,MEDIUM,1.1518209791015055,Production Anomaly,egauge90773,i41
2026-05-18,79,2026-05-18 19:34:11+00:00,2026-05-18 19:43:19+00:00,548.0,0.0072992700596728,4,-0.1983003062909386,MEDIUM,166.05949009188728,Production Anomaly,egauge90773,i41
2026-05-18,80,2026-05-18 21:15:50+00:00,2026-05-18 21:15:51+00:00,1.0,1.999998000002,2,-0.2051026527490481,HIGH,1.1615307958247143,Production Anomaly,egauge90773,i41
2026-05-19,81,2026-05-19 00:00:27+00:00,2026-05-19 00:00:28+00:00,1.0,1.999998000002,2,-0.2233252646414962,HIGH,1.166997579392449,Production Anomaly,egauge90773,i41
2026-05-19,82,2026-05-19 02:24:48+00:00,2026-05-19 03:02:14+00:00,2246.0,0.0057880676732911,13,-0.2496840730579617,HIGH,679.0749052219173,Production Anomaly,egauge90773,i41
2026-05-19,83,2026-05-19 05:11:59+00:00,2026-05-19 05:12:03+00:00,4.0,0.7499998125000469,3,-0.1535768960173414,MEDIUM,2.4460730688052026,Production Anomaly,egauge90773,i41
2026-05-19,84,2026-05-19 07:13:02+00:00,2026-05-19 11:21:03+00:00,14881.0,0.0045695853770197,68,-0.2589762145169653,HIGH,4491.577692864355,Production Anomaly,egauge90773,i41
2026-05-19,85,2026-05-19 14:45:03+00:00,2026-05-19 14:45:04+00:00,1.0,1.999998000002,2,-0.1220078458773568,MEDIUM,1.136602353763207,Production Anomaly,egauge90773,i41
2026-05-19,86,2026-05-19 17:35:19+00:00,2026-05-19 17:35:20+00:00,1.0,1.999998000002,2,-0.197128746255886,MEDIUM,1.1591386238767658,Production Anomaly,egauge90773,i41
2026-05-19,87,2026-05-19 20:20:42+00:00,2026-05-19 20:26:20+00:00,338.0,0.0118343194916144,4,-0.1937632541201907,MEDIUM,103.05812897623603,Production Anomaly,egauge90773,i41
2026-05-19,88,2026-05-19 22:11:18+00:00,2026-05-19 22:11:19+00:00,1.0,1.999998000002,2,-0.1815551957437381,MEDIUM,1.1544665587231215,Production Anomaly,egauge90773,i41
2026-05-20,89,2026-05-20 00:42:10+00:00,2026-05-20 00:42:11+00:00,1.0,1.999998000002,2,-0.1961795124005101,MEDIUM,1.1588538537201531,Production Anomaly,egauge90773,i41
2026-05-20,90,2026-05-20 02:45:07+00:00,2026-05-20 04:58:42+00:00,8015.0,0.0027448533995327,22,-0.2615564709991165,HIGH,2413.3784669413,Production Anomaly,egauge90773,i41
2026-05-23,91,2026-05-23 08:05:31+00:00,2026-05-23 08:07:23+00:00,112.0,0.223214283721301,25,-0.2841907742229649,HIGH,43.68525723226689,Production Anomaly,egauge90773,i41
2026-05-23,92,2026-05-23 10:40:28+00:00,2026-05-23 11:28:52+00:00,2904.0,0.0488980716085061,142,-0.2883417642739923,HIGH,928.086502529282,Production Anomaly,egauge90773,i41
2026-05-23,93,2026-05-23 14:11:32+00:00,2026-05-23 14:52:35+00:00,2463.0,0.0016240357281266,4,-0.1935269275408923,MEDIUM,740.5580580782623,Production Anomaly,egauge90773,i41
2026-05-23,94,2026-05-23 17:51:03+00:00,2026-05-23 17:51:04+00:00,1.0,1.999998000002,2,-0.1848494073295739,MEDIUM,1.1554548221988723,Production Anomaly,egauge90773,i41
2026-05-23,95,2026-05-23 21:31:08+00:00,2026-05-23 21:31:09+00:00,1.0,1.999998000002,2,-0.2040085773245125,HIGH,1.161202573197354,Production Anomaly,egauge90773,i41
2026-05-24,96,2026-05-24 00:18:11+00:00,2026-05-24 00:18:12+00:00,1.0,1.999998000002,2,-0.1850959552998482,MEDIUM,1.1555287865899546,Production Anomaly,egauge90773,i41
2026-05-24,97,2026-05-24 04:23:35+00:00,2026-05-24 04:58:22+00:00,2087.0,0.0071873502600923,15,-0.2758567187972232,HIGH,632.1827570156391,Production Anomaly,egauge90773,i41
2026-05-30,98,2026-05-30 05:28:34+00:00,2026-05-30 05:28:39+00:00,5.0,1.199999760000048,6,-0.2548179039948869,HIGH,3.976445371198466,Production Anomaly,egauge90773,i41
2026-05-31,99,2026-05-31 05:00:44+00:00,2026-05-31 05:00:44+00:00,0.0,1000000.0,1,-0.1028050578833633,MEDIUM,0.430841517365009,Production Anomaly,egauge90773,i41
2026-05-31,100,2026-05-31 18:56:30+00:00,2026-05-31 18:56:34+00:00,4.0,0.7499998125000469,3,-0.1521131904773232,MEDIUM,2.445633957143197,Production Anomaly,egauge90773,i41
2026-05-31,101,2026-05-31 21:25:19+00:00,2026-05-31 21:25:20+00:00,1.0,1.999998000002,2,-0.1790950000271188,MEDIUM,1.1537285000081356,Production Anomaly,egauge90773,i41
2026-06-01,102,2026-06-01 02:49:59+00:00,2026-06-01 05:28:21+00:00,9502.0,0.0009471690169493,9,-0.2250495402177701,HIGH,2854.267514862065,Production Anomaly,egauge90773,i41
2026-06-01,103,2026-06-01 07:26:37+00:00,2026-06-01 07:58:47+00:00,1930.0,0.0067357512918467,13,-0.2722566775207201,HIGH,584.2816770032563,Production Anomaly,egauge90773,i41
2026-06-01,104,2026-06-01 22:10:44+00:00,2026-06-01 23:18:47+00:00,4083.0,0.003428851333963,14,-0.2430459566110768,HIGH,1230.572913786983,Production Anomaly,egauge90773,i41
2026-06-02,105,2026-06-02 01:59:30+00:00,2026-06-02 03:15:37+00:00,4567.0,0.0032844317925805,15,-0.276832580496387,HIGH,1376.183049774149,Production Anomaly,egauge90773,i41
2026-06-02,106,2026-06-02 14:46:28+00:00,2026-06-02 15:50:54+00:00,3866.0,0.0007759958611546,3,-0.1757819616206407,MEDIUM,1161.052734588486,Production Anomaly,egauge90773,i41
2026-06-02,107,2026-06-02 18:39:03+00:00,2026-06-02 18:50:44+00:00,701.0,0.0057061340860112,4,-0.2012926190740667,HIGH,211.9603877857222,Production Anomaly,egauge90773,i41
2026-06-02,108,2026-06-02 21:23:26+00:00,2026-06-02 21:23:27+00:00,1.0,1.999998000002,2,-0.2092713613601425,HIGH,1.1627814084080428,Production Anomaly,egauge90773,i41
2026-06-03,109,2026-06-03 00:17:20+00:00,2026-06-03 00:17:21+00:00,1.0,1.999998000002,2,-0.2025890944907072,HIGH,1.1607767283472123,Production Anomaly,egauge90773,i41
2026-06-03,110,2026-06-03 02:52:07+00:00,2026-06-03 03:11:05+00:00,1138.0,0.0193321616701826,22,-0.2554545002185043,HIGH,350.2766363500656,Production Anomaly,egauge90773,i41
2026-06-04,111,2026-06-04 16:37:11+00:00,2026-06-04 16:37:11+00:00,0.0,1000000.0,1,-0.1006472458526667,MEDIUM,0.4301941737558,Production Anomaly,egauge90773,i41
2026-06-05,112,2026-06-05 01:29:31+00:00,2026-06-05 02:52:31+00:00,4980.0,0.0010040160640554,5,-0.1401964573890262,MEDIUM,1496.0420589372168,Production Anomaly,egauge90773,i41
2026-06-05,113,2026-06-05 04:36:10+00:00,2026-06-05 12:51:30+00:00,29720.0,0.0094212651410019,280,-0.2413410189968893,HIGH,9028.0724023057,Production Anomaly,egauge90773,i41
2026-06-05,114,2026-06-05 15:36:19+00:00,2026-06-05 15:36:20+00:00,1.0,1.999998000002,2,-0.1826379039253834,MEDIUM,1.1547913711776152,Production Anomaly,egauge90773,i41
2026-06-05,115,2026-06-05 17:35:22+00:00,2026-06-05 17:41:10+00:00,348.0,0.0373563217317347,13,-0.2416462683029882,HIGH,109.67249388049088,Production Anomaly,egauge90773,i41
2026-06-05,116,2026-06-05 20:38:39+00:00,2026-06-05 20:38:40+00:00,1.0,1.999998000002,2,-0.2071076346978519,HIGH,1.1621322904093556,Production Anomaly,egauge90773,i41
2026-06-05,117,2026-06-05 23:15:08+00:00,2026-06-05 23:15:08+00:00,0.0,1000000.0,1,-0.1513432347082554,MEDIUM,0.4454029704124766,Production Anomaly,egauge90773,i41
2026-06-06,118,2026-06-06 01:30:35+00:00,2026-06-06 01:30:48+00:00,13.0,0.615384568047341,8,-0.2027545386955492,HIGH,7.160826361608664,Production Anomaly,egauge90773,i41
2026-06-06,119,2026-06-06 03:21:05+00:00,2026-06-06 03:35:14+00:00,849.0,0.0117785630014386,10,-0.2921163520773354,HIGH,258.7876349056232,Production Anomaly,egauge90773,i41
2026-06-06,120,2026-06-06 22:42:06+00:00,2026-06-06 22:42:06+00:00,0.0,1000000.0,1,-0.1019580252363944,MEDIUM,0.4305874075709183,Production Anomaly,egauge90773,i41
2026-06-07,121,2026-06-07 14:08:37+00:00,2026-06-07 14:41:16+00:00,1959.0,0.0117406840164672,23,-0.2851771183801543,HIGH,596.985553135514,Production Anomaly,egauge90773,i41
2026-06-07,122,2026-06-07 16:58:21+00:00,2026-06-07 17:38:24+00:00,2403.0,0.0129005409850601,31,-0.3034478992069068,HIGH,733.391034369762,Production Anomaly,egauge90773,i41
2026-06-07,123,2026-06-07 19:26:47+00:00,2026-06-07 19:26:47+00:00,0.0,1000000.0,1,-0.1248666529671752,MEDIUM,0.4374599958901526,Production Anomaly,egauge90773,i41
2026-06-08,124,2026-06-08 07:29:36+00:00,2026-06-08 07:32:17+00:00,161.0,0.0993788813703175,16,-0.2992173682528629,HIGH,54.789765210475856,Production Anomaly,egauge90773,i41
2026-06-08,125,2026-06-08 14:12:32+00:00,2026-06-08 16:30:43+00:00,8291.0,0.0007236762753921,6,-0.2177088297445201,HIGH,2489.765312648923,Production Anomaly,egauge90773,i41
2026-06-08,126,2026-06-08 19:02:44+00:00,2026-06-08 19:02:45+00:00,1.0,1.999998000002,2,-0.2129037551794702,HIGH,1.163871126553841,Production Anomaly,egauge90773,i41
2026-06-08,127,2026-06-08 21:09:32+00:00,2026-06-08 21:54:36+00:00,2704.0,0.0011094674552109,3,-0.1964068683545079,MEDIUM,812.4589220605063,Production Anomaly,egauge90773,i41
2026-06-09,128,2026-06-09 00:29:13+00:00,2026-06-09 00:29:14+00:00,1.0,1.999998000002,2,-0.1278222842763208,MEDIUM,1.1383466852828965,Production Anomaly,egauge90773,i41
2026-06-09,129,2026-06-09 02:51:15+00:00,2026-06-09 03:38:34+00:00,2839.0,0.0038746037323442,11,-0.2829103789676915,HIGH,856.1848731136902,Production Anomaly,egauge90773,i41
2026-06-09,130,2026-06-09 10:01:46+00:00,2026-06-09 14:41:20+00:00,16774.0,0.0019673303921564,33,-0.2522327394747407,HIGH,5045.475669821842,Production Anomaly,egauge90773,i41
2026-06-09,131,2026-06-09 17:20:04+00:00,2026-06-09 17:20:04+00:00,0.0,1000000.0,1,-0.17816921094698,MEDIUM,0.453450763284094,Production Anomaly,egauge90773,i41
2026-06-09,132,2026-06-09 19:06:59+00:00,2026-06-09 19:07:00+00:00,1.0,1.999998000002,2,-0.2050934251941164,HIGH,1.161528027558235,Production Anomaly,egauge90773,i41
2026-06-09,133,2026-06-09 21:14:09+00:00,2026-06-09 21:20:20+00:00,371.0,0.0161725066949528,6,-0.2235933200399678,HIGH,113.767077996012,Production Anomaly,egauge90773,i41
2026-06-10,134,2026-06-10 02:48:21+00:00,2026-06-10 02:48:22+00:00,1.0,1.999998000002,2,-0.1982595387247701,MEDIUM,1.159477861617431,Production Anomaly,egauge90773,i41
2026-06-10,135,2026-06-10 06:06:55+00:00,2026-06-10 06:06:56+00:00,1.0,1.999998000002,2,-0.1953783718233593,MEDIUM,1.158613511547008,Production Anomaly,egauge90773,i41
2026-06-10,136,2026-06-10 08:08:29+00:00,2026-06-10 08:45:22+00:00,2213.0,0.0018075011288714,4,-0.1961781858693584,MEDIUM,665.5588534557608,Production Anomaly,egauge90773,i41
2026-06-10,137,2026-06-10 11:13:54+00:00,2026-06-10 11:20:06+00:00,372.0,0.0268817203578448,10,-0.2058010082130733,HIGH,115.66174030246393,Production Anomaly,egauge90773,i41
2026-06-10,138,2026-06-10 15:12:07+00:00,2026-06-10 15:12:07+00:00,0.0,1000000.0,1,-0.163080547505199,MEDIUM,0.4489241642515597,Production Anomaly,egauge90773,i41
2026-06-10,139,2026-06-10 18:03:43+00:00,2026-06-10 18:13:22+00:00,579.0,0.0069084628550803,4,-0.2192406070052887,HIGH,175.36577218210158,Production Anomaly,egauge90773,i41
2026-06-10,140,2026-06-10 20:52:51+00:00,2026-06-10 22:09:53+00:00,4622.0,0.0012981393333409,6,-0.2110056185106198,HIGH,1389.0633016855531,Production Anomaly,egauge90773,i41
2026-06-11,141,2026-06-11 01:04:25+00:00,2026-06-11 01:04:26+00:00,1.0,1.999998000002,2,-0.178800045825597,MEDIUM,1.1536400137476792,Production Anomaly,egauge90773,i41
2026-06-11,142,2026-06-11 02:52:51+00:00,2026-06-11 09:53:35+00:00,25244.0,0.0027729361431321,70,-0.2761493485191112,HIGH,7601.282844804556,Production Anomaly,egauge90773,i41
2026-06-12,143,2026-06-12 02:38:01+00:00,2026-06-12 08:22:27+00:00,20666.0,0.0030484854348665,63,-0.2381570733286543,HIGH,6225.071447121999,Production Anomaly,egauge90773,i41
2026-06-12,144,2026-06-12 11:49:42+00:00,2026-06-12 11:49:45+00:00,3.0,1.333332888889037,4,-0.2145174760429932,HIGH,2.564355242812898,Production Anomaly,egauge90773,i41
2026-06-12,145,2026-06-12 13:44:41+00:00,2026-06-12 13:58:28+00:00,827.0,0.0326481257162658,27,-0.2130085808680706,HIGH,258.9639025742604,Production Anomaly,egauge90773,i41
2026-06-12,146,2026-06-12 16:01:15+00:00,2026-06-13 03:15:52+00:00,40477.0,0.0147491167820058,597,-0.2643177037636194,HIGH,12381.979295311128,Production Anomaly,egauge90773,i41
2026-06-16,147,2026-06-16 14:39:48+00:00,2026-06-16 15:01:31+00:00,1303.0,0.0099769762010921,13,-0.2313707592429509,HIGH,396.16941122777285,Production Anomaly,egauge90773,i41
2026-06-16,148,2026-06-16 18:10:23+00:00,2026-06-16 18:10:24+00:00,1.0,1.999998000002,2,-0.2124558375014048,HIGH,1.1637367512504215,Production Anomaly,egauge90773,i41
2026-06-16,149,2026-06-16 20:59:51+00:00,2026-06-16 20:59:52+00:00,1.0,1.999998000002,2,-0.1835038505246616,MEDIUM,1.1550511551573983,Production Anomaly,egauge90773,i41
2026-06-17,150,2026-06-17 00:54:41+00:00,2026-06-17 00:54:42+00:00,1.0,1.999998000002,2,-0.1974920635341613,MEDIUM,1.1592476190602483,Production Anomaly,egauge90773,i41
2026-06-17,151,2026-06-17 02:46:56+00:00,2026-06-17 03:08:09+00:00,1273.0,0.0102120973996762,13,-0.2700272383196832,HIGH,387.1810081714959,Production Anomaly,egauge90773,i41
2026-06-17,152,2026-06-17 15:18:25+00:00,2026-06-17 15:18:25+00:00,0.0,1000000.0,1,-0.1611449686901682,MEDIUM,0.4483434906070505,Production Anomaly,egauge90773,i41
2026-06-17,153,2026-06-17 18:32:17+00:00,2026-06-17 18:32:18+00:00,1.0,1.999998000002,2,-0.2117785062094652,HIGH,1.1635335518628396,Production Anomaly,egauge90773,i41
2026-06-17,154,2026-06-17 20:40:47+00:00,2026-06-17 20:40:48+00:00,1.0,1.999998000002,2,-0.1562917420217601,MEDIUM,1.146887522606528,Production Anomaly,egauge90773,i41
2026-06-17,155,2026-06-17 22:47:11+00:00,2026-06-17 22:47:12+00:00,1.0,1.999998000002,2,-0.2089669583721674,HIGH,1.1626900875116504,Production Anomaly,egauge90773,i41
2026-06-18,156,2026-06-18 00:54:25+00:00,2026-06-18 00:54:25+00:00,0.0,1000000.0,1,-0.1167916598414818,MEDIUM,0.4350374979524445,Production Anomaly,egauge90773,i41
2026-06-18,157,2026-06-18 02:56:49+00:00,2026-06-18 02:56:49+00:00,0.0,1000000.0,1,-0.1889498971973506,MEDIUM,0.4566849691592052,Production Anomaly,egauge90773,i41
2026-06-18,158,2026-06-18 14:39:12+00:00,2026-06-18 15:36:56+00:00,3464.0,0.001154734410752,4,-0.1985754829817971,MEDIUM,1040.8595726448946,Production Anomaly,egauge90773,i41
2026-06-18,159,2026-06-18 20:47:25+00:00,2026-06-18 20:47:26+00:00,1.0,1.999998000002,2,-0.1896913934514721,MEDIUM,1.1569074180354415,Production Anomaly,egauge90773,i41
2026-06-18,160,2026-06-18 23:59:31+00:00,2026-06-18 23:59:32+00:00,1.0,1.999998000002,2,-0.1970631812950625,MEDIUM,1.1591189543885188,Production Anomaly,egauge90773,i41
2026-06-19,161,2026-06-19 05:29:04+00:00,2026-06-19 05:29:05+00:00,1.0,1.999998000002,2,-0.1713446974412211,MEDIUM,1.1514034092323664,Production Anomaly,egauge90773,i41
2026-06-19,162,2026-06-19 07:08:13+00:00,2026-06-19 07:46:39+00:00,2306.0,0.0052038161295733,12,-0.2406047984755837,HIGH,696.6721814395426,Production Anomaly,egauge90773,i41
2026-06-19,163,2026-06-19 12:06:43+00:00,2026-06-19 12:06:44+00:00,1.0,1.999998000002,2,-0.2006537160106094,HIGH,1.160196114803183,Production Anomaly,egauge90773,i41
2026-06-19,164,2026-06-19 14:41:05+00:00,2026-06-20 03:42:30+00:00,46885.0,0.0117308307558551,550,-0.2559294509562351,HIGH,14285.576778835288,Production Anomaly,egauge90773,i41
2026-06-20,165,2026-06-20 12:32:21+00:00,2026-06-20 12:32:25+00:00,4.0,1.249999687500078,5,-0.2360763245508537,HIGH,3.270822897365256,Production Anomaly,egauge90773,i41
2026-06-21,166,2026-06-21 05:57:40+00:00,2026-06-21 06:27:31+00:00,1791.0,0.0128419877091892,23,-0.2557394348397327,HIGH,546.5767218304519,Production Anomaly,egauge90773,i41
2026-05-11,167,2026-05-11 13:15:16+00:00,2026-05-11 14:59:26+00:00,6250.0,0.0417599999933184,261,-0.3526077823621648,HIGH,1979.5057823347088,Production Anomaly,egauge90773,i51
2026-05-11,168,2026-05-11 15:09:33+00:00,2026-05-11 15:24:37+00:00,904.0,0.0442477875616728,40,-0.3491314630295673,HIGH,287.3047394389089,Production Anomaly,egauge90773,i51
2026-05-11,169,2026-05-11 15:40:59+00:00,2026-05-11 17:08:24+00:00,5245.0,0.0421353670081724,221,-0.3512155500500434,HIGH,1662.0053646650151,Production Anomaly,egauge90773,i51
2026-05-11,170,2026-05-11 17:40:30+00:00,2026-05-11 19:20:47+00:00,6017.0,0.0405517699783028,244,-0.3514143011064871,HIGH,1902.805424290332,Production Anomaly,egauge90773,i51
2026-05-11,171,2026-05-11 19:57:58+00:00,2026-05-11 20:00:16+00:00,138.0,0.0362318837954211,5,-0.350520286647744,HIGH,43.50515608599432,Production Anomaly,egauge90773,i51
2026-05-11,172,2026-05-11 20:33:45+00:00,2026-05-11 20:59:49+00:00,1564.0,0.0345268541978728,54,-0.3504210096732112,HIGH,490.905126302902,Production Anomaly,egauge90773,i51
2026-05-11,173,2026-05-11 21:13:11+00:00,2026-05-11 21:21:33+00:00,502.0,0.03386454176521,17,-0.3504210096732112,HIGH,157.50512630290197,Production Anomaly,egauge90773,i51
2026-05-11,174,2026-05-11 21:30:07+00:00,2026-05-11 22:27:26+00:00,3439.0,0.0322768246489453,111,-0.3529064139873674,HIGH,1076.2058719241963,Production Anomaly,egauge90773,i51
2026-05-11,175,2026-05-11 22:34:29+00:00,2026-05-11 23:41:15+00:00,4006.0,0.0356964553081137,143,-0.3535039910676303,HIGH,1259.1060511973203,Production Anomaly,egauge90773,i51
2026-05-11,176,2026-05-11 23:55:25+00:00,2026-05-12 00:38:49+00:00,2604.0,0.0426267280942293,111,-0.3521102953267858,HIGH,825.7056330885979,Production Anomaly,egauge90773,i51
2026-05-12,177,2026-05-12 01:10:28+00:00,2026-05-12 01:57:05+00:00,2797.0,0.0361101179706435,101,-0.3504210096732112,HIGH,879.6051263029019,Production Anomaly,egauge90773,i51
2026-05-12,178,2026-05-12 02:04:17+00:00,2026-05-12 02:19:35+00:00,918.0,0.0413943354668907,38,-0.3504210096732112,HIGH,290.705126302902,Production Anomaly,egauge90773,i51
2026-05-12,179,2026-05-12 02:32:25+00:00,2026-05-12 07:54:24+00:00,19319.0,0.0510378383947907,986,-0.3524087527037995,HIGH,6190.20572262581,Production Anomaly,egauge90773,i51
2026-05-12,180,2026-05-12 10:02:26+00:00,2026-05-12 11:56:02+00:00,6816.0,0.0443075117305886,302,-0.3521102953267858,HIGH,2165.705633088598,Production Anomaly,egauge90773,i51
2026-05-12,181,2026-05-12 12:03:01+00:00,2026-05-12 17:52:27+00:00,20966.0,0.0433559095658038,909,-0.3526077823621648,HIGH,6653.505782334709,Production Anomaly,egauge90773,i51
2026-05-12,182,2026-05-12 18:14:40+00:00,2026-05-12 20:02:20+00:00,6460.0,0.0399380804891736,258,-0.3526077823621648,HIGH,2041.3057823347087,Production Anomaly,egauge90773,i51
2026-05-12,183,2026-05-12 20:39:57+00:00,2026-05-12 21:55:54+00:00,4557.0,0.0480579328400136,219,-0.3517125147068318,HIGH,1454.8055137544118,Production Anomaly,egauge90773,i51
2026-05-12,184,2026-05-12 22:02:28+00:00,2026-05-12 22:28:17+00:00,1549.0,0.0458360232112097,71,-0.3518119424498791,HIGH,493.20554358273495,Production Anomaly,egauge90773,i51
2026-05-12,185,2026-05-12 22:41:17+00:00,2026-05-12 22:56:03+00:00,886.0,0.0383747177896447,34,-0.3504210096732112,HIGH,279.505126302902,Production Anomaly,egauge90773,i51
2026-05-12,186,2026-05-12 23:06:39+00:00,2026-05-13 00:06:50+00:00,3611.0,0.0279700913796815,101,-0.3524087527037995,HIGH,1123.805722625811,Production Anomaly,egauge90773,i51
2026-05-13,187,2026-05-13 00:13:35+00:00,2026-05-13 01:08:51+00:00,3316.0,0.0286489746596354,95,-0.350818187113496,HIGH,1032.905245456134,Production Anomaly,egauge90773,i51
2026-05-13,188,2026-05-13 01:29:15+00:00,2026-05-13 01:33:15+00:00,240.0,0.0458333331423611,11,-0.3519113817999838,HIGH,76.50557341454,Production Anomaly,egauge90773,i51
2026-05-13,189,2026-05-13 01:39:17+00:00,2026-05-13 01:44:55+00:00,338.0,0.0473372779664577,16,-0.3509175104539748,HIGH,107.9052752531362,Production Anomaly,egauge90773,i51
2026-05-13,190,2026-05-13 01:52:17+00:00,2026-05-13 02:18:07+00:00,1550.0,0.0354838709448491,55,-0.3510168453893232,HIGH,487.1053050536168,Production Anomaly,egauge90773,i51
2026-05-13,191,2026-05-13 02:33:09+00:00,2026-05-13 12:06:58+00:00,34429.0,0.0441778733031985,1521,-0.3535039910676303,HIGH,10937.20605119732,Production Anomaly,egauge90773,i51
2026-05-13,192,2026-05-13 12:13:10+00:00,2026-05-13 14:35:18+00:00,8528.0,0.0429174484002207,366,-0.3521102953267858,HIGH,2704.9056330885983,Production Anomaly,egauge90773,i51
2026-05-14,193,2026-05-14 14:07:28+00:00,2026-05-14 14:07:30+00:00,2.0,0.99999950000025,2,-0.3557985844191244,HIGH,1.506739575325737,Production Anomaly,egauge90773,i51
2026-05-14,194,2026-05-14 14:44:41+00:00,2026-05-14 14:44:42+00:00,1.0,1.999998000002,2,-0.3573984606338368,HIGH,1.2072195381901512,Production Anomaly,egauge90773,i51
2026-05-14,195,2026-05-14 14:55:14+00:00,2026-05-14 15:17:39+00:00,1345.0,0.0096654275021074,13,-0.3521102953267858,HIGH,408.805633088598,Production Anomaly,egauge90773,i51
2026-05-14,196,2026-05-14 15:40:14+00:00,2026-05-14 15:44:34+00:00,260.0,0.0230769229881656,6,-0.3475470127497515,HIGH,80.50426410382494,Production Anomaly,egauge90773,i51
2026-05-14,197,2026-05-14 15:54:54+00:00,2026-05-14 16:03:28+00:00,514.0,0.0097276264402186,5,-0.3470524786164258,HIGH,156.30411574358493,Production Anomaly,egauge90773,i51
2026-05-14,198,2026-05-14 16:11:54+00:00,2026-05-14 16:19:04+00:00,430.0,0.0116279069497025,5,-0.3470524786164258,HIGH,131.10411574358494,Production Anomaly,egauge90773,i51
2026-05-14,199,2026-05-14 16:28:59+00:00,2026-05-14 16:36:34+00:00,455.0,0.0109890109648593,5,-0.3479428479292872,HIGH,138.6043828543788,Production Anomaly,egauge90773,i51
2026-05-14,200,2026-05-14 16:44:08+00:00,2026-05-14 16:44:08+00:00,0.0,1000000.0,1,-0.3470524786164258,HIGH,0.5041157435849277,Production Anomaly,egauge90773,i51
2026-05-14,201,2026-05-14 16:52:14+00:00,2026-05-14 17:09:13+00:00,1019.0,0.0098135426792801,10,-0.3481408348396766,HIGH,309.80444225045187,Production Anomaly,egauge90773,i51
2026-05-14,202,2026-05-14 17:16:19+00:00,2026-05-14 17:19:39+00:00,200.0,0.0199999999,4,-0.3484379018863872,HIGH,61.70453137056592,Production Anomaly,egauge90773,i51
2026-05-14,203,2026-05-14 17:38:32+00:00,2026-05-14 17:38:32+00:00,0.0,1000000.0,1,-0.3470524786164258,HIGH,0.5041157435849277,Production Anomaly,egauge90773,i51
2026-05-14,204,2026-05-14 17:46:58+00:00,2026-05-14 18:03:38+00:00,1000.0,0.010999999989,11,-0.3488341531434455,HIGH,304.504650245943,Production Anomaly,egauge90773,i51
2026-05-14,205,2026-05-14 18:18:13+00:00,2026-05-14 18:34:53+00:00,1000.0,0.007999999992,8,-0.3470524786164258,HIGH,303.30411574358493,Production Anomaly,egauge90773,i51
2026-05-14,206,2026-05-14 18:40:57+00:00,2026-05-14 19:13:47+00:00,1970.0,0.0096446700458656,19,-0.3484379018863872,HIGH,598.704531370566,Production Anomaly,egauge90773,i51
2026-05-14,207,2026-05-14 19:19:52+00:00,2026-05-14 20:06:02+00:00,2770.0,0.0093862815850591,26,-0.3482398456297474,HIGH,841.504471953689,Production Anomaly,egauge90773,i51
2026-05-14,208,2026-05-14 20:37:52+00:00,2026-05-14 20:37:52+00:00,0.0,1000000.0,1,-0.3488341531434455,HIGH,0.5046502459430336,Production Anomaly,egauge90773,i51
2026-05-14,209,2026-05-14 21:27:41+00:00,2026-05-14 21:45:21+00:00,1060.0,0.0122641509318262,13,-0.3488341531434455,HIGH,323.30465024594304,Production Anomaly,egauge90773,i51
2026-05-14,210,2026-05-14 21:53:26+00:00,2026-05-14 22:14:21+00:00,1255.0,0.0087649402320598,11,-0.3475470127497515,HIGH,381.0042641038249,Production Anomaly,egauge90773,i51
2026-05-14,211,2026-05-14 22:21:25+00:00,2026-05-15 00:21:29+00:00,7204.0,0.0095780122141063,69,-0.3488341531434455,HIGH,2188.904650245943,Production Anomaly,egauge90773,i51
2026-05-15,212,2026-05-15 00:30:04+00:00,2026-05-15 00:37:14+00:00,430.0,0.0069767441698215,3,-0.3474480828305938,HIGH,130.30423442484917,Production Anomaly,egauge90773,i51
2026-05-15,213,2026-05-15 00:46:19+00:00,2026-05-15 01:37:54+00:00,3095.0,0.0103392568625721,32,-0.3479428479292872,HIGH,941.4043828543788,Production Anomaly,egauge90773,i51
2026-05-15,214,2026-05-15 01:44:59+00:00,2026-05-15 01:44:59+00:00,0.0,1000000.0,1,-0.3475470127497515,HIGH,0.5042641038249255,Production Anomaly,egauge90773,i51
2026-05-16,215,2026-05-16 04:07:34+00:00,2026-05-16 04:07:35+00:00,1.0,1.999998000002,2,-0.3565981490136282,HIGH,1.2069794447040885,Production Anomaly,egauge90773,i51
2026-05-16,216,2026-05-16 04:15:32+00:00,2026-05-16 04:15:32+00:00,0.0,1000000.0,1,-0.3473491644590301,HIGH,0.5042047493377091,Production Anomaly,egauge90773,i51
2026-05-16,217,2026-05-16 04:21:47+00:00,2026-05-16 04:34:21+00:00,754.0,0.0119363395067157,9,-0.3470524786164258,HIGH,229.90411574358487,Production Anomaly,egauge90773,i51
2026-05-16,218,2026-05-16 04:51:36+00:00,2026-05-16 04:51:36+00:00,0.0,1000000.0,1,-0.3488341531434455,HIGH,0.5046502459430336,Production Anomaly,egauge90773,i51
2026-05-16,219,2026-05-16 04:59:11+00:00,2026-05-16 06:26:16+00:00,5225.0,0.0099521531081431,52,-0.3482398456297474,HIGH,1588.404471953689,Production Anomaly,egauge90773,i51
2026-05-16,220,2026-05-16 06:40:35+00:00,2026-05-16 07:08:15+00:00,1660.0,0.0072289156582958,12,-0.3479428479292872,HIGH,502.9043828543788,Production Anomaly,egauge90773,i51
2026-05-16,221,2026-05-16 07:14:55+00:00,2026-05-16 07:50:10+00:00,2115.0,0.0104018912480369,22,-0.3482398456297474,HIGH,643.4044719536889,Production Anomaly,egauge90773,i51
2026-05-16,222,2026-05-16 07:56:45+00:00,2026-05-16 08:00:10+00:00,205.0,0.0146341462700773,3,-0.3474480828305938,HIGH,62.804234424849184,Production Anomaly,egauge90773,i51
2026-05-16,223,2026-05-16 08:06:20+00:00,2026-05-16 08:23:55+00:00,1055.0,0.0075829383814379,8,-0.3470524786164258,HIGH,319.80411574358493,Production Anomaly,egauge90773,i51
2026-05-16,224,2026-05-16 08:30:51+00:00,2026-05-16 09:42:19+00:00,4288.0,0.0093283582067797,40,-0.3503217442867826,HIGH,1302.5050965232858,Production Anomaly,egauge90773,i51
2026-05-16,225,2026-05-16 09:48:24+00:00,2026-05-16 10:15:58+00:00,1654.0,0.0084643288945197,14,-0.3474480828305938,HIGH,501.9042344248492,Production Anomaly,egauge90773,i51
2026-05-16,226,2026-05-16 10:24:58+00:00,2026-05-16 10:51:28+00:00,1590.0,0.0125786163442901,20,-0.3479428479292872,HIGH,485.1043828543788,Production Anomaly,egauge90773,i51
2026-05-16,227,2026-05-16 10:57:33+00:00,2026-05-16 11:10:28+00:00,775.0,0.0154838709477627,12,-0.3479428479292872,HIGH,237.4043828543788,Production Anomaly,egauge90773,i51
2026-05-16,228,2026-05-16 11:18:23+00:00,2026-05-16 11:30:18+00:00,715.0,0.018181818156389,13,-0.3479428479292872,HIGH,219.8043828543788,Production Anomaly,egauge90773,i51
2026-05-16,229,2026-05-16 11:37:48+00:00,2026-05-16 11:52:03+00:00,855.0,0.012865497060976,11,-0.3474480828305938,HIGH,261.0042344248492,Production Anomaly,egauge90773,i51
2026-05-16,230,2026-05-16 11:59:08+00:00,2026-05-16 12:06:42+00:00,454.0,0.0154185021686817,7,-0.3474480828305938,HIGH,139.10423442484918,Production Anomaly,egauge90773,i51
2026-05-16,231,2026-05-16 12:22:12+00:00,2026-05-16 12:53:22+00:00,1870.0,0.0197860962461036,37,-0.3484379018863872,HIGH,575.9045313705659,Production Anomaly,egauge90773,i51
2026-05-16,232,2026-05-16 13:00:02+00:00,2026-05-16 13:08:27+00:00,505.0,0.0198019801588079,10,-0.3482398456297474,HIGH,155.60447195368891,Production Anomaly,egauge90773,i51
2026-05-16,233,2026-05-16 13:23:37+00:00,2026-05-16 13:32:08+00:00,511.0,0.0156555772687757,8,-0.3474480828305938,HIGH,156.60423442484915,Production Anomaly,egauge90773,i51
2026-05-16,234,2026-05-16 13:39:07+00:00,2026-05-16 13:45:20+00:00,373.0,0.016085790841593,6,-0.3470524786164258,HIGH,114.40411574358492,Production Anomaly,egauge90773,i51
2026-05-16,235,2026-05-16 13:51:57+00:00,2026-05-16 14:08:01+00:00,964.0,0.0072614107808491,7,-0.3474480828305938,HIGH,292.10423442484915,Production Anomaly,egauge90773,i51
2026-05-16,236,2026-05-16 14:19:21+00:00,2026-05-16 14:47:41+00:00,1700.0,0.0123529411692041,21,-0.3479428479292872,HIGH,518.5043828543787,Production Anomaly,egauge90773,i51
2026-05-16,237,2026-05-16 15:00:51+00:00,2026-05-16 15:03:46+00:00,175.0,0.0228571427265306,4,-0.3475470127497515,HIGH,54.204264103824926,Production Anomaly,egauge90773,i51
2026-05-16,238,2026-05-16 15:11:16+00:00,2026-05-16 15:15:36+00:00,260.0,0.0153846153254437,4,-0.3475470127497515,HIGH,79.70426410382493,Production Anomaly,egauge90773,i51
2026-05-16,239,2026-05-16 15:27:25+00:00,2026-05-16 15:27:25+00:00,0.0,1000000.0,1,-0.3470524786164258,HIGH,0.5041157435849277,Production Anomaly,egauge90773,i51
2026-05-16,240,2026-05-16 15:40:06+00:00,2026-05-16 16:04:15+00:00,1449.0,0.0131124913643115,19,-0.3473491644590301,HIGH,442.40420474933774,Production Anomaly,egauge90773,i51
2026-05-16,241,2026-05-16 16:12:46+00:00,2026-05-16 16:27:25+00:00,879.0,0.0136518771175746,12,-0.3482398456297474,HIGH,268.6044719536889,Production Anomaly,egauge90773,i51
2026-05-16,242,2026-05-16 16:33:30+00:00,2026-05-16 16:37:50+00:00,260.0,0.0192307691568047,5,-0.3479428479292872,HIGH,80.10438285437878,Production Anomaly,egauge90773,i51
2026-05-16,243,2026-05-16 16:43:55+00:00,2026-05-16 16:55:20+00:00,685.0,0.0204379561745431,14,-0.3484379018863872,HIGH,211.20453137056592,Production Anomaly,egauge90773,i51
2026-05-16,244,2026-05-16 17:01:25+00:00,2026-05-16 17:07:40+00:00,375.0,0.023999999936,9,-0.3475470127497515,HIGH,116.20426410382493,Production Anomaly,egauge90773,i51
2026-05-16,245,2026-05-16 17:16:05+00:00,2026-05-16 17:21:50+00:00,345.0,0.0115942028649443,4,-0.3470524786164258,HIGH,105.20411574358492,Production Anomaly,egauge90773,i51
2026-05-16,246,2026-05-16 17:27:55+00:00,2026-05-16 17:55:29+00:00,1654.0,0.0090689238155568,15,-0.3475470127497515,HIGH,502.3042641038249,Production Anomaly,egauge90773,i51
2026-05-16,247,2026-05-16 18:02:29+00:00,2026-05-16 18:12:59+00:00,630.0,0.0126984126782564,8,-0.3478438718062708,HIGH,192.30435316154188,Production Anomaly,egauge90773,i51
2026-05-16,248,2026-05-16 18:19:04+00:00,2026-05-16 18:47:04+00:00,1680.0,0.0148809523720946,25,-0.3488341531434455,HIGH,514.104650245943,Production Anomaly,egauge90773,i51
2026-05-16,249,2026-05-16 18:53:09+00:00,2026-05-16 18:56:04+00:00,175.0,0.0285714284081632,5,-0.3479428479292872,HIGH,54.604382854378784,Production Anomaly,egauge90773,i51
2026-05-16,250,2026-05-16 19:02:09+00:00,2026-05-16 19:15:54+00:00,825.0,0.0084848484745638,7,-0.3475470127497515,HIGH,250.4042641038249,Production Anomaly,egauge90773,i51
2026-05-16,251,2026-05-16 19:22:04+00:00,2026-05-16 19:38:43+00:00,999.0,0.0080080079999919,8,-0.3470524786164258,HIGH,303.0041157435849,Production Anomaly,egauge90773,i51
2026-05-16,252,2026-05-16 19:44:53+00:00,2026-05-16 19:54:48+00:00,595.0,0.0084033613304145,5,-0.3475470127497515,HIGH,180.60426410382493,Production Anomaly,egauge90773,i51
2026-05-16,253,2026-05-16 20:00:58+00:00,2026-05-16 20:15:18+00:00,860.0,0.0127906976595457,11,-0.3475470127497515,HIGH,262.5042641038249,Production Anomaly,egauge90773,i51
2026-05-16,254,2026-05-16 22:02:22+00:00,2026-05-16 23:01:32+00:00,3550.0,0.0098591549268002,35,-0.3488341531434455,HIGH,1079.104650245943,Production Anomaly,egauge90773,i51
2026-05-16,255,2026-05-16 23:10:02+00:00,2026-05-16 23:10:07+00:00,5.0,0.399999920000016,2,-0.3475470127497515,HIGH,2.404264103824925,Production Anomaly,egauge90773,i51
2026-05-16,256,2026-05-16 23:17:11+00:00,2026-05-16 23:29:11+00:00,720.0,0.0097222222087191,7,-0.3479428479292872,HIGH,218.9043828543788,Production Anomaly,egauge90773,i51
2026-05-16,257,2026-05-16 23:35:51+00:00,2026-05-16 23:55:51+00:00,1200.0,0.0083333333263888,10,-0.3479428479292872,HIGH,364.1043828543788,Production Anomaly,egauge90773,i51
2026-05-17,258,2026-05-17 00:02:26+00:00,2026-05-17 01:40:20+00:00,5874.0,0.007660878446091,45,-0.3479428479292872,HIGH,1780.304382854379,Production Anomaly,egauge90773,i51
2026-05-17,259,2026-05-17 01:46:55+00:00,2026-05-17 03:11:49+00:00,5094.0,0.0086376128761999,44,-0.3488341531434455,HIGH,1545.904650245943,Production Anomaly,egauge90773,i51
2026-05-17,260,2026-05-17 03:18:24+00:00,2026-05-17 04:56:44+00:00,5900.0,0.0101694915237,60,-0.3482398456297474,HIGH,1794.104471953689,Production Anomaly,egauge90773,i51
2026-05-17,261,2026-05-17 05:03:53+00:00,2026-05-17 05:24:53+00:00,1260.0,0.0071428571371882,9,-0.3475470127497515,HIGH,381.7042641038249,Production Anomaly,egauge90773,i51
2026-05-17,262,2026-05-17 05:31:28+00:00,2026-05-17 05:31:33+00:00,5.0,0.399999920000016,2,-0.3482398456297474,HIGH,2.404471953688924,Production Anomaly,egauge90773,i51
2026-05-17,263,2026-05-17 07:01:02+00:00,2026-05-17 07:01:07+00:00,5.0,0.399999920000016,2,-0.3473491644590301,HIGH,2.404204749337709,Production Anomaly,egauge90773,i51
2026-05-17,264,2026-05-17 07:26:17+00:00,2026-05-17 08:51:11+00:00,5094.0,0.0082449941090999,42,-0.3484379018863872,HIGH,1545.1045313705658,Production Anomaly,egauge90773,i51
2026-05-17,265,2026-05-17 09:01:06+00:00,2026-05-17 09:01:11+00:00,5.0,0.399999920000016,2,-0.3484379018863872,HIGH,2.404531370565916,Production Anomaly,egauge90773,i51
2026-05-17,266,2026-05-17 09:07:51+00:00,2026-05-17 09:14:31+00:00,400.0,0.00749999998125,3,-0.3470524786164258,HIGH,121.30411574358492,Production Anomaly,egauge90773,i51
2026-05-17,267,2026-05-17 09:24:26+00:00,2026-05-17 10:43:30+00:00,4744.0,0.0099072512626671,47,-0.3482398456297474,HIGH,1442.104471953689,Production Anomaly,egauge90773,i51
2026-05-17,268,2026-05-17 10:49:35+00:00,2026-05-17 11:03:55+00:00,860.0,0.0116279069632233,10,-0.3479428479292872,HIGH,262.1043828543788,Production Anomaly,egauge90773,i51
2026-05-17,269,2026-05-17 11:10:05+00:00,2026-05-17 11:35:45+00:00,1540.0,0.0097402597339348,15,-0.3484379018863872,HIGH,468.1045313705659,Production Anomaly,egauge90773,i51
2026-05-17,270,2026-05-17 21:00:37+00:00,2026-05-17 21:00:37+00:00,0.0,1000000.0,1,-0.3499247985950596,HIGH,0.5049774395785179,Production Anomaly,egauge90773,i51
2026-05-20,271,2026-05-20 06:58:14+00:00,2026-05-20 07:28:14+00:00,1800.0,0.0094444444391975,17,-0.3557985844191244,HIGH,546.9067395753257,Production Anomaly,egauge90773,i51
2026-05-20,272,2026-05-20 07:38:49+00:00,2026-05-20 07:40:39+00:00,110.0,0.0272727270247933,3,-0.3481408348396766,HIGH,34.304442250451906,Production Anomaly,egauge90773,i51
2026-05-20,273,2026-05-20 07:47:24+00:00,2026-05-20 09:10:43+00:00,4999.0,0.0068013602706938,34,-0.3479428479292872,HIGH,1513.4043828543788,Production Anomaly,egauge90773,i51
2026-05-20,274,2026-05-20 09:17:28+00:00,2026-05-20 09:45:07+00:00,1659.0,0.0084388185603141,14,-0.3478438718062708,HIGH,503.4043531615419,Production Anomaly,egauge90773,i51
2026-05-20,275,2026-05-20 09:53:12+00:00,2026-05-20 11:35:03+00:00,6111.0,0.007854688265774,48,-0.3479428479292872,HIGH,1852.6043828543789,Production Anomaly,egauge90773,i51
2026-05-20,276,2026-05-20 11:48:52+00:00,2026-05-20 13:33:21+00:00,6269.0,0.007497208485006,47,-0.3484379018863872,HIGH,1899.6045313705656,Production Anomaly,egauge90773,i51
2026-05-20,277,2026-05-20 13:41:50+00:00,2026-05-20 13:41:55+00:00,5.0,0.399999920000016,2,-0.3470524786164258,HIGH,2.4041157435849274,Production Anomaly,egauge90773,i51
2026-05-20,278,2026-05-20 13:48:35+00:00,2026-05-20 13:51:55+00:00,200.0,0.014999999925,3,-0.3470524786164258,HIGH,61.30411574358493,Production Anomaly,egauge90773,i51
2026-05-20,279,2026-05-20 14:00:25+00:00,2026-05-20 15:12:25+00:00,4320.0,0.0097222222199717,42,-0.3482398456297474,HIGH,1312.904471953689,Production Anomaly,egauge90773,i51
2026-05-20,280,2026-05-20 15:19:05+00:00,2026-05-20 15:22:25+00:00,200.0,0.00999999995,2,-0.3474480828305938,HIGH,60.90423442484918,Production Anomaly,egauge90773,i51
2026-05-20,281,2026-05-20 15:34:49+00:00,2026-05-20 15:46:14+00:00,685.0,0.0087591240748041,6,-0.3484379018863872,HIGH,208.004531370566,Production Anomaly,egauge90773,i51
2026-05-20,282,2026-05-20 15:54:44+00:00,2026-05-20 16:08:39+00:00,835.0,0.0071856287339094,6,-0.3474480828305938,HIGH,253.0042344248492,Production Anomaly,egauge90773,i51
2026-05-20,283,2026-05-20 16:15:44+00:00,2026-05-20 17:31:38+00:00,4554.0,0.0081247255142457,37,-0.3479428479292872,HIGH,1381.1043828543789,Production Anomaly,egauge90773,i51
2026-05-20,284,2026-05-20 17:40:13+00:00,2026-05-20 17:40:13+00:00,0.0,1000000.0,1,-0.3470524786164258,HIGH,0.5041157435849277,Production Anomaly,egauge90773,i51
2026-05-20,285,2026-05-20 17:49:13+00:00,2026-05-20 18:58:58+00:00,4185.0,0.0093189964135438,39,-0.3484379018863872,HIGH,1271.2045313705655,Production Anomaly,egauge90773,i51
2026-05-20,286,2026-05-20 19:07:33+00:00,2026-05-20 19:35:42+00:00,1689.0,0.007104795732916,12,-0.3484379018863872,HIGH,511.6045313705659,Production Anomaly,egauge90773,i51
2026-05-20,287,2026-05-20 19:44:42+00:00,2026-05-20 21:34:17+00:00,6575.0,0.0082129277554048,54,-0.3488341531434455,HIGH,1994.204650245943,Production Anomaly,egauge90773,i51
2026-05-20,288,2026-05-20 21:43:51+00:00,2026-05-20 22:03:57+00:00,1206.0,0.0107794361436323,13,-0.3481408348396766,HIGH,367.1044422504519,Production Anomaly,egauge90773,i51
2026-05-20,289,2026-05-20 22:16:46+00:00,2026-05-20 22:45:01+00:00,1695.0,0.0112094395214103,19,-0.3482398456297474,HIGH,516.204471953689,Production Anomaly,egauge90773,i51
2026-05-20,290,2026-05-20 22:52:40+00:00,2026-05-20 23:00:21+00:00,461.0,0.0151843817458039,7,-0.3475470127497515,HIGH,141.20426410382493,Production Anomaly,egauge90773,i51
2026-05-20,291,2026-05-20 23:15:45+00:00,2026-05-20 23:23:25+00:00,460.0,0.0130434782325141,6,-0.3475470127497515,HIGH,140.50426410382494,Production Anomaly,egauge90773,i51
2026-05-20,292,2026-05-20 23:33:00+00:00,2026-05-20 23:38:45+00:00,345.0,0.0115942028649443,4,-0.3470524786164258,HIGH,105.20411574358492,Production Anomaly,egauge90773,i51
2026-05-20,293,2026-05-20 23:52:35+00:00,2026-05-21 00:53:35+00:00,3660.0,0.0090163934401594,33,-0.3488341531434455,HIGH,1111.304650245943,Production Anomaly,egauge90773,i51
2026-05-21,294,2026-05-21 00:59:50+00:00,2026-05-21 00:59:50+00:00,0.0,1000000.0,1,-0.3479428479292872,HIGH,0.5043828543787862,Production Anomaly,egauge90773,i51
2026-05-21,295,2026-05-21 01:09:25+00:00,2026-05-21 01:13:39+00:00,254.0,0.0118110235755471,3,-0.3475470127497515,HIGH,77.50426410382494,Production Anomaly,egauge90773,i51
2026-05-21,296,2026-05-21 01:25:15+00:00,2026-05-21 01:25:15+00:00,0.0,1000000.0,1,-0.3470524786164258,HIGH,0.5041157435849277,Production Anomaly,egauge90773,i51
2026-05-21,297,2026-05-21 01:31:24+00:00,2026-05-21 01:33:24+00:00,120.0,0.0249999997916666,3,-0.3472502576337127,HIGH,37.30417507729012,Production Anomaly,egauge90773,i51
2026-05-21,298,2026-05-21 01:41:29+00:00,2026-05-21 02:52:09+00:00,4240.0,0.0117924528274074,50,-0.3486360043873541,HIGH,1292.104590801316,Production Anomaly,egauge90773,i51
2026-05-21,299,2026-05-21 03:00:14+00:00,2026-05-21 03:10:23+00:00,609.0,0.0164203612209846,10,-0.3473491644590301,HIGH,186.80420474933769,Production Anomaly,egauge90773,i51
2026-05-21,300,2026-05-21 03:16:38+00:00,2026-05-21 03:35:48+00:00,1150.0,0.0086956521663516,10,-0.3475470127497515,HIGH,349.1042641038249,Production Anomaly,egauge90773,i51
2026-05-21,301,2026-05-21 03:43:53+00:00,2026-05-21 04:18:28+00:00,2075.0,0.0144578313183335,30,-0.3482398456297474,HIGH,634.604471953689,Production Anomaly,egauge90773,i51
2026-05-21,302,2026-05-21 04:24:38+00:00,2026-05-21 04:36:13+00:00,695.0,0.0071942445939651,5,-0.3474480828305938,HIGH,210.6042344248492,Production Anomaly,egauge90773,i51
2026-05-21,303,2026-05-21 04:43:53+00:00,2026-05-21 04:55:52+00:00,719.0,0.0097357440754718,7,-0.3473491644590301,HIGH,218.6042047493377,Production Anomaly,egauge90773,i51
2026-05-21,304,2026-05-21 05:04:57+00:00,2026-05-21 05:52:22+00:00,2845.0,0.0119507908569593,34,-0.3482398456297474,HIGH,867.204471953689,Production Anomaly,egauge90773,i51
2026-05-21,305,2026-05-21 05:59:32+00:00,2026-05-21 06:36:22+00:00,2210.0,0.0108597285018734,24,-0.3482398456297474,HIGH,672.704471953689,Production Anomaly,egauge90773,i51
2026-05-21,306,2026-05-21 06:44:01+00:00,2026-05-21 06:45:56+00:00,115.0,0.026086956294896,3,-0.3470524786164258,HIGH,35.80411574358493,Production Anomaly,egauge90773,i51
2026-05-21,307,2026-05-21 06:53:06+00:00,2026-05-21 07:00:47+00:00,461.0,0.0151843817458039,7,-0.3479428479292872,HIGH,141.2043828543788,Production Anomaly,egauge90773,i51
2026-05-21,308,2026-05-21 07:09:51+00:00,2026-05-21 07:45:41+00:00,2150.0,0.0116279069713358,25,-0.3482398456297474,HIGH,655.104471953689,Production Anomaly,egauge90773,i51
2026-05-21,309,2026-05-21 07:52:46+00:00,2026-05-21 08:14:51+00:00,1325.0,0.0090566037667497,12,-0.3475470127497515,HIGH,402.4042641038249,Production Anomaly,egauge90773,i51
2026-05-21,310,2026-05-21 08:24:20+00:00,2026-05-21 08:38:15+00:00,835.0,0.011976047889849,10,-0.3473491644590301,HIGH,254.6042047493377,Production Anomaly,egauge90773,i51
2026-05-21,311,2026-05-21 08:47:15+00:00,2026-05-21 10:16:05+00:00,5330.0,0.0078799249516172,42,-0.3479428479292872,HIGH,1615.9043828543788,Production Anomaly,egauge90773,i51
2026-05-21,312,2026-05-21 10:27:30+00:00,2026-05-21 10:38:54+00:00,684.0,0.0116959064156492,8,-0.3473491644590301,HIGH,208.50420474933767,Production Anomaly,egauge90773,i51
2026-05-21,313,2026-05-21 10:45:34+00:00,2026-05-21 11:40:39+00:00,3305.0,0.009984871403938,33,-0.3481408348396766,HIGH,1004.804442250452,Production Anomaly,egauge90773,i51
2026-05-21,314,2026-05-21 11:46:44+00:00,2026-05-21 11:51:04+00:00,260.0,0.0230769229881656,6,-0.3475470127497515,HIGH,80.50426410382494,Production Anomaly,egauge90773,i51
2026-05-21,315,2026-05-21 12:04:14+00:00,2026-05-21 12:10:28+00:00,374.0,0.0133689839214733,5,-0.3474480828305938,HIGH,114.30423442484918,Production Anomaly,egauge90773,i51
2026-05-21,316,2026-05-21 12:19:23+00:00,2026-05-21 12:23:43+00:00,260.0,0.0192307691568047,5,-0.3475470127497515,HIGH,80.10426410382493,Production Anomaly,egauge90773,i51
2026-05-21,317,2026-05-21 12:31:18+00:00,2026-05-21 12:31:18+00:00,0.0,1000000.0,1,-0.3474480828305938,HIGH,0.5042344248491781,Production Anomaly,egauge90773,i51
2026-05-21,318,2026-05-21 12:38:53+00:00,2026-05-21 12:49:18+00:00,625.0,0.01119999998208,7,-0.3482398456297474,HIGH,190.40447195368893,Production Anomaly,egauge90773,i51
2026-05-21,319,2026-05-21 12:55:23+00:00,2026-05-21 13:43:48+00:00,2905.0,0.0113597246088262,33,-0.3486360043873541,HIGH,884.8045908013163,Production Anomaly,egauge90773,i51
2026-05-21,320,2026-05-21 13:51:23+00:00,2026-05-21 14:29:47+00:00,2304.0,0.0078124999966091,18,-0.3475470127497515,HIGH,698.5042641038249,Production Anomaly,egauge90773,i51
2026-05-21,321,2026-05-21 14:35:52+00:00,2026-05-21 14:49:42+00:00,830.0,0.0132530120322252,11,-0.3482398456297474,HIGH,253.5044719536889,Production Anomaly,egauge90773,i51
2026-05-21,322,2026-05-21 14:55:47+00:00,2026-05-21 15:06:17+00:00,630.0,0.0142857142630385,9,-0.3475470127497515,HIGH,192.70426410382493,Production Anomaly,egauge90773,i51
2026-05-21,323,2026-05-21 15:12:22+00:00,2026-05-21 15:12:27+00:00,5.0,0.399999920000016,2,-0.3470524786164258,HIGH,2.4041157435849274,Production Anomaly,egauge90773,i51
2026-05-21,324,2026-05-21 15:21:27+00:00,2026-05-21 15:35:47+00:00,860.0,0.0093023255705786,8,-0.3470524786164258,HIGH,261.30411574358493,Production Anomaly,egauge90773,i51
2026-05-21,325,2026-05-21 15:45:12+00:00,2026-05-21 15:56:11+00:00,659.0,0.010622154763851,7,-0.3479428479292872,HIGH,200.6043828543788,Production Anomaly,egauge90773,i51
2026-05-21,326,2026-05-21 16:05:11+00:00,2026-05-21 16:05:11+00:00,0.0,1000000.0,1,-0.3470524786164258,HIGH,0.5041157435849277,Production Anomaly,egauge90773,i51
2026-05-21,327,2026-05-21 16:11:16+00:00,2026-05-21 17:36:56+00:00,5140.0,0.0085603112823812,44,-0.3484379018863872,HIGH,1559.7045313705655,Production Anomaly,egauge90773,i51
2026-05-21,328,2026-05-21 17:52:06+00:00,2026-05-21 17:52:06+00:00,0.0,1000000.0,1,-0.3470524786164258,HIGH,0.5041157435849277,Production Anomaly,egauge90773,i51
2026-05-21,329,2026-05-21 17:58:50+00:00,2026-05-21 19:10:15+00:00,4285.0,0.0081680280027612,35,-0.3475470127497515,HIGH,1299.604264103825,Production Anomaly,egauge90773,i51
2026-05-21,330,2026-05-21 19:16:50+00:00,2026-05-21 19:34:54+00:00,1084.0,0.0064575645696885,7,-0.3470524786164258,HIGH,328.10411574358494,Production Anomaly,egauge90773,i51
2026-05-21,331,2026-05-21 19:43:04+00:00,2026-05-21 19:43:04+00:00,0.0,1000000.0,1,-0.3470524786164258,HIGH,0.5041157435849277,Production Anomaly,egauge90773,i51
2026-05-21,332,2026-05-21 19:49:39+00:00,2026-05-21 19:57:29+00:00,470.0,0.0106382978497057,5,-0.3475470127497515,HIGH,143.10426410382493,Production Anomaly,egauge90773,i51
2026-05-21,333,2026-05-21 20:07:29+00:00,2026-05-21 20:24:39+00:00,1030.0,0.011650485425582,12,-0.3478438718062708,HIGH,313.9043531615419,Production Anomaly,egauge90773,i51
2026-05-21,334,2026-05-21 20:31:19+00:00,2026-05-21 21:52:53+00:00,4894.0,0.0077646097246087,38,-0.3482398456297474,HIGH,1483.504471953689,Production Anomaly,egauge90773,i51
2026-05-21,335,2026-05-21 21:59:33+00:00,2026-05-21 22:13:23+00:00,830.0,0.0096385542052547,8,-0.3488341531434455,HIGH,252.304650245943,Production Anomaly,egauge90773,i51
2026-05-21,336,2026-05-21 22:19:58+00:00,2026-05-21 22:55:18+00:00,2120.0,0.009905660372686,21,-0.3484379018863872,HIGH,644.5045313705659,Production Anomaly,egauge90773,i51
2026-05-21,337,2026-05-21 23:01:53+00:00,2026-05-22 00:16:17+00:00,4464.0,0.0087365591378278,39,-0.3482398456297474,HIGH,1354.904471953689,Production Anomaly,egauge90773,i51
2026-05-22,338,2026-05-22 00:22:57+00:00,2026-05-22 01:16:47+00:00,3230.0,0.0092879256937189,30,-0.3479428479292872,HIGH,981.1043828543789,Production Anomaly,egauge90773,i51
2026-05-22,339,2026-05-22 01:23:56+00:00,2026-05-22 01:23:56+00:00,0.0,1000000.0,1,-0.3470524786164258,HIGH,0.5041157435849277,Production Anomaly,egauge90773,i51
2026-05-22,340,2026-05-22 01:39:06+00:00,2026-05-22 01:42:31+00:00,205.0,0.0195121950267697,4,-0.3475470127497515,HIGH,63.204264103824926,Production Anomaly,egauge90773,i51
2026-05-22,341,2026-05-22 01:49:06+00:00,2026-05-22 03:16:45+00:00,5259.0,0.0081764594013735,43,-0.3484379018863872,HIGH,1595.004531370566,Production Anomaly,egauge90773,i51
2026-05-22,342,2026-05-22 03:25:15+00:00,2026-05-22 04:31:30+00:00,3975.0,0.0083018867903643,33,-0.3479428479292872,HIGH,1205.804382854379,Production Anomaly,egauge90773,i51
2026-05-22,343,2026-05-22 04:38:05+00:00,2026-05-22 04:53:30+00:00,925.0,0.0086486486392987,8,-0.3475470127497515,HIGH,280.8042641038249,Production Anomaly,egauge90773,i51
2026-05-22,344,2026-05-22 05:00:05+00:00,2026-05-22 05:00:05+00:00,0.0,1000000.0,1,-0.3470524786164258,HIGH,0.5041157435849277,Production Anomaly,egauge90773,i51
2026-05-22,345,2026-05-22 05:12:04+00:00,2026-05-22 05:12:04+00:00,0.0,1000000.0,1,-0.3470524786164258,HIGH,0.5041157435849277,Production Anomaly,egauge90773,i51
2026-05-22,346,2026-05-22 05:20:39+00:00,2026-05-22 05:20:39+00:00,0.0,1000000.0,1,-0.3470524786164258,HIGH,0.5041157435849277,Production Anomaly,egauge90773,i51
2026-05-22,347,2026-05-22 05:28:44+00:00,2026-05-22 06:49:44+00:00,4860.0,0.0086419753068637,42,-0.3484379018863872,HIGH,1474.9045313705658,Production Anomaly,egauge90773,i51
2026-05-22,348,2026-05-22 06:58:43+00:00,2026-05-22 07:05:28+00:00,405.0,0.0123456789818625,5,-0.3470524786164258,HIGH,123.60411574358491,Production Anomaly,egauge90773,i51
2026-05-22,349,2026-05-22 07:12:08+00:00,2026-05-22 07:25:58+00:00,830.0,0.0096385542052547,8,-0.3475470127497515,HIGH,252.3042641038249,Production Anomaly,egauge90773,i51
2026-05-22,350,2026-05-22 07:33:03+00:00,2026-05-22 07:33:08+00:00,5.0,0.399999920000016,2,-0.3475470127497515,HIGH,2.404264103824925,Production Anomaly,egauge90773,i51
2026-05-22,351,2026-05-22 07:39:43+00:00,2026-05-22 08:45:07+00:00,3924.0,0.0089194699263711,35,-0.3484379018863872,HIGH,1191.304531370566,Production Anomaly,egauge90773,i51
2026-05-22,352,2026-05-22 08:56:32+00:00,2026-05-22 09:52:52+00:00,3380.0,0.0088757396423444,30,-0.3486360043873541,HIGH,1026.104590801316,Production Anomaly,egauge90773,i51
2026-05-22,353,2026-05-22 09:59:27+00:00,2026-05-22 10:40:51+00:00,2484.0,0.0088566827661607,22,-0.3475470127497515,HIGH,754.1042641038248,Production Anomaly,egauge90773,i51
2026-05-22,354,2026-05-22 10:49:36+00:00,2026-05-22 10:49:36+00:00,0.0,1000000.0,1,-0.3470524786164258,HIGH,0.5041157435849277,Production Anomaly,egauge90773,i51
2026-05-22,355,2026-05-22 11:01:01+00:00,2026-05-22 12:15:06+00:00,4445.0,0.009448818895512,42,-0.3486360043873541,HIGH,1350.404590801316,Production Anomaly,egauge90773,i51
2026-05-22,356,2026-05-22 12:21:21+00:00,2026-05-22 12:34:40+00:00,799.0,0.0075093867240182,6,-0.3470524786164258,HIGH,242.2041157435849,Production Anomaly,egauge90773,i51
2026-05-22,357,2026-05-22 12:42:40+00:00,2026-05-22 12:57:00+00:00,860.0,0.010465116266901,9,-0.3473491644590301,HIGH,261.70420474933775,Production Anomaly,egauge90773,i51
2026-05-22,358,2026-05-22 13:05:35+00:00,2026-05-22 13:45:50+00:00,2415.0,0.0091097308450891,22,-0.3479428479292872,HIGH,733.4043828543787,Production Anomaly,egauge90773,i51
2026-05-22,359,2026-05-22 13:52:30+00:00,2026-05-22 14:18:45+00:00,1575.0,0.0069841269796926,11,-0.3475470127497515,HIGH,477.0042641038249,Production Anomaly,egauge90773,i51
2026-05-22,360,2026-05-22 14:25:20+00:00,2026-05-22 14:27:15+00:00,115.0,0.026086956294896,3,-0.3470524786164258,HIGH,35.80411574358493,Production Anomaly,egauge90773,i51
2026-05-22,361,2026-05-22 14:34:24+00:00,2026-05-22 14:37:49+00:00,205.0,0.0195121950267697,4,-0.3473491644590301,HIGH,63.20420474933771,Production Anomaly,egauge90773,i51
2026-05-22,362,2026-05-22 14:44:59+00:00,2026-05-22 15:49:19+00:00,3860.0,0.0085492227957126,33,-0.3486360043873541,HIGH,1171.3045908013162,Production Anomaly,egauge90773,i51
2026-05-22,363,2026-05-22 15:56:29+00:00,2026-05-22 16:10:19+00:00,830.0,0.0120481927565684,10,-0.3479428479292872,HIGH,253.1043828543788,Production Anomaly,egauge90773,i51
2026-05-22,364,2026-05-22 16:17:29+00:00,2026-05-22 16:17:29+00:00,0.0,1000000.0,1,-0.3474480828305938,HIGH,0.5042344248491781,Production Anomaly,egauge90773,i51
2026-05-22,365,2026-05-22 16:24:33+00:00,2026-05-22 16:42:18+00:00,1065.0,0.0084507042174171,9,-0.3475470127497515,HIGH,323.2042641038249,Production Anomaly,egauge90773,i51
2026-05-22,366,2026-05-22 16:49:28+00:00,2026-05-22 17:55:48+00:00,3980.0,0.0095477386910684,38,-0.3482398456297474,HIGH,1209.304471953689,Production Anomaly,egauge90773,i51
2026-05-22,367,2026-05-22 18:02:33+00:00,2026-05-22 18:20:12+00:00,1059.0,0.0075542964990044,8,-0.3470524786164258,HIGH,321.0041157435849,Production Anomaly,egauge90773,i51
2026-05-22,368,2026-05-22 18:27:22+00:00,2026-05-22 20:07:12+00:00,5990.0,0.0085141903157739,51,-0.3484379018863872,HIGH,1817.504531370566,Production Anomaly,egauge90773,i51
2026-05-22,369,2026-05-22 20:18:11+00:00,2026-05-22 20:20:06+00:00,115.0,0.0173913041965973,2,-0.3470524786164258,HIGH,35.404115743584924,Production Anomaly,egauge90773,i51
2026-05-22,370,2026-05-22 20:27:16+00:00,2026-05-22 21:43:41+00:00,4585.0,0.0095965103577761,44,-0.3484379018863872,HIGH,1393.2045313705655,Production Anomaly,egauge90773,i51
2026-05-22,371,2026-05-22 21:58:06+00:00,2026-05-22 23:54:55+00:00,7009.0,0.0097018119546723,68,-0.3484379018863872,HIGH,2130.004531370565,Production Anomaly,egauge90773,i51
2026-05-23,372,2026-05-23 00:10:14+00:00,2026-05-23 00:19:19+00:00,545.0,0.0073394495278175,4,-0.3479428479292872,HIGH,165.2043828543788,Production Anomaly,egauge90773,i51
2026-05-23,373,2026-05-23 00:46:09+00:00,2026-05-23 01:46:29+00:00,3620.0,0.0127071823169317,46,-0.3488341531434455,HIGH,1104.5046502459431,Production Anomaly,egauge90773,i51
2026-05-23,374,2026-05-23 01:55:58+00:00,2026-05-23 02:11:23+00:00,925.0,0.0129729729589481,12,-0.3475470127497515,HIGH,282.4042641038249,Production Anomaly,egauge90773,i51
2026-05-23,375,2026-05-23 02:20:53+00:00,2026-05-23 03:37:38+00:00,4605.0,0.0089033659046898,41,-0.3482398456297474,HIGH,1398.004471953689,Production Anomaly,egauge90773,i51
2026-05-23,376,2026-05-23 03:52:53+00:00,2026-05-23 03:52:53+00:00,0.0,1000000.0,1,-0.3472502576337127,HIGH,0.5041750772901139,Production Anomaly,egauge90773,i51
2026-05-23,377,2026-05-23 03:59:07+00:00,2026-05-23 04:04:57+00:00,350.0,0.0114285713959183,4,-0.3492305894642054,HIGH,106.70476917683924,Production Anomaly,egauge90773,i51
2026-05-23,378,2026-05-23 04:11:13+00:00,2026-05-23 04:11:13+00:00,0.0,1000000.0,1,-0.3469536064217613,HIGH,0.5040860819265284,Production Anomaly,egauge90773,i51
2026-05-23,379,2026-05-23 04:18:18+00:00,2026-05-23 05:22:58+00:00,3880.0,0.0118556701000372,46,-0.3492305894642054,HIGH,1182.504769176839,Production Anomaly,egauge90773,i51
2026-05-23,380,2026-05-23 05:31:26+00:00,2026-05-23 07:55:45+00:00,8659.0,0.0084305347028028,73,-0.3506195752117337,HIGH,2627.005185872564,Production Anomaly,egauge90773,i51
2026-05-23,381,2026-05-23 08:02:50+00:00,2026-05-23 08:48:40+00:00,2750.0,0.0123636363591404,34,-0.3482398456297474,HIGH,838.704471953689,Production Anomaly,egauge90773,i51
2026-05-30,382,2026-05-30 05:28:42+00:00,2026-05-30 05:58:39+00:00,1797.0,0.0105731775122019,19,-0.3492305894642054,HIGH,546.8047691768393,Production Anomaly,egauge90773,i51
2026-05-30,383,2026-05-30 06:04:55+00:00,2026-05-30 06:46:49+00:00,2514.0,0.0107398567976372,27,-0.3479428479292872,HIGH,765.1043828543786,Production Anomaly,egauge90773,i51
2026-05-30,384,2026-05-30 06:53:06+00:00,2026-05-30 09:02:08+00:00,7742.0,0.0091707569091745,71,-0.3479428479292872,HIGH,2351.104382854379,Production Anomaly,egauge90773,i51
2026-05-30,385,2026-05-30 09:10:38+00:00,2026-05-30 10:44:12+00:00,5614.0,0.0094406840025933,53,-0.3479428479292872,HIGH,1705.504382854379,Production Anomaly,egauge90773,i51
2026-05-30,386,2026-05-30 10:50:07+00:00,2026-05-30 14:48:35+00:00,14308.0,0.0083869164098136,120,-0.3479428479292872,HIGH,4340.5043828543785,Production Anomaly,egauge90773,i51
2026-05-30,387,2026-05-30 14:54:30+00:00,2026-05-30 14:54:30+00:00,0.0,1000000.0,1,-0.3474480828305938,HIGH,0.5042344248491781,Production Anomaly,egauge90773,i51
2026-05-30,388,2026-05-30 15:00:25+00:00,2026-05-30 15:40:49+00:00,2424.0,0.0094884488409701,23,-0.3488341531434455,HIGH,736.504650245943,Production Anomaly,egauge90773,i51
2026-05-30,389,2026-05-30 15:49:25+00:00,2026-05-30 15:50:19+00:00,54.0,0.0370370363511659,2,-0.3474480828305938,HIGH,17.104234424849178,Production Anomaly,egauge90773,i51
2026-05-30,390,2026-05-30 15:57:34+00:00,2026-05-30 16:50:14+00:00,3160.0,0.008227848098662,26,-0.3488341531434455,HIGH,958.504650245943,Production Anomaly,egauge90773,i51
2026-05-30,391,2026-05-30 16:59:44+00:00,2026-05-30 17:02:09+00:00,145.0,0.027586206706302,4,-0.3474480828305938,HIGH,45.20423442484918,Production Anomaly,egauge90773,i51
2026-05-30,392,2026-05-30 17:09:19+00:00,2026-05-30 17:53:28+00:00,2649.0,0.0086825217030266,23,-0.3475470127497515,HIGH,804.0042641038249,Production Anomaly,egauge90773,i51
2026-05-30,393,2026-05-30 18:04:18+00:00,2026-05-30 18:08:53+00:00,275.0,0.0109090908694214,3,-0.3474480828305938,HIGH,83.80423442484918,Production Anomaly,egauge90773,i51
2026-05-30,394,2026-05-30 18:14:48+00:00,2026-05-30 18:54:08+00:00,2360.0,0.0080508474542157,19,-0.3488341531434455,HIGH,715.7046502459431,Production Anomaly,egauge90773,i51
2026-05-30,395,2026-05-30 19:02:18+00:00,2026-05-30 19:19:39+00:00,1041.0,0.0096061479254503,10,-0.3482398456297474,HIGH,316.4044719536889,Production Anomaly,egauge90773,i51
2026-05-30,396,2026-05-30 19:31:43+00:00,2026-05-30 23:43:15+00:00,15092.0,0.008150013251514,123,-0.348536947355655,HIGH,4576.904561084206,Production Anomaly,egauge90773,i51
2026-05-30,397,2026-05-30 23:49:11+00:00,2026-05-31 00:46:42+00:00,3451.0,0.0107215299882,37,-0.3488341531434455,HIGH,1050.204650245943,Production Anomaly,egauge90773,i51
2026-05-31,398,2026-05-31 00:53:05+00:00,2026-05-31 00:53:05+00:00,0.0,1000000.0,1,-0.3470524786164258,HIGH,0.5041157435849277,Production Anomaly,egauge90773,i51
2026-05-31,399,2026-05-31 01:00:00+00:00,2026-05-31 01:24:55+00:00,1495.0,0.0093645484887193,14,-0.3487350729828342,HIGH,454.20462052189487,Production Anomaly,egauge90773,i51
2026-05-31,400,2026-05-31 01:39:24+00:00,2026-05-31 01:49:34+00:00,610.0,0.0163934425960763,10,-0.3475470127497515,HIGH,187.10426410382493,Production Anomaly,egauge90773,i51
2026-05-31,401,2026-05-31 02:09:54+00:00,2026-05-31 02:53:28+00:00,2614.0,0.0099464422303188,26,-0.3495280382048219,HIGH,794.7048584114614,Production Anomaly,egauge90773,i51
2026-05-31,402,2026-05-31 03:00:19+00:00,2026-05-31 03:46:13+00:00,2754.0,0.0094408133589539,26,-0.3475470127497515,HIGH,836.7042641038248,Production Anomaly,egauge90773,i51
2026-05-31,403,2026-05-31 03:52:08+00:00,2026-05-31 05:10:22+00:00,4694.0,0.0089475926695893,42,-0.3482398456297474,HIGH,1425.104471953689,Production Anomaly,egauge90773,i51
2026-05-31,404,2026-05-31 05:16:18+00:00,2026-05-31 06:14:22+00:00,3484.0,0.0086107921904102,30,-0.3479428479292872,HIGH,1057.304382854379,Production Anomaly,egauge90773,i51
2026-05-31,405,2026-05-31 06:20:17+00:00,2026-05-31 06:24:46+00:00,269.0,0.0111524163154185,3,-0.3470524786164258,HIGH,82.00411574358493,Production Anomaly,egauge90773,i51
2026-05-31,406,2026-05-31 06:32:02+00:00,2026-05-31 06:43:26+00:00,684.0,0.0116959064156492,8,-0.3474480828305938,HIGH,208.5042344248492,Production Anomaly,egauge90773,i51
2026-05-31,407,2026-05-31 06:53:57+00:00,2026-05-31 08:52:25+00:00,7108.0,0.0083005064704135,59,-0.3482398456297474,HIGH,2156.104471953689,Production Anomaly,egauge90773,i51
2026-05-31,408,2026-05-31 08:58:40+00:00,2026-05-31 09:14:45+00:00,965.0,0.0093264248608016,9,-0.3475470127497515,HIGH,293.2042641038249,Production Anomaly,egauge90773,i51
2026-05-31,409,2026-05-31 09:23:15+00:00,2026-05-31 09:23:15+00:00,0.0,1000000.0,1,-0.3470524786164258,HIGH,0.5041157435849277,Production Anomaly,egauge90773,i51
2026-05-31,410,2026-05-31 09:37:15+00:00,2026-05-31 09:39:39+00:00,144.0,0.0277777775848765,4,-0.3472502576337127,HIGH,44.90417507729011,Production Anomaly,egauge90773,i51
2026-05-31,411,2026-05-31 09:47:25+00:00,2026-05-31 10:15:44+00:00,1699.0,0.0117716303638777,20,-0.3474480828305938,HIGH,517.8042344248493,Production Anomaly,egauge90773,i51
2026-05-31,412,2026-05-31 10:23:45+00:00,2026-05-31 11:30:34+00:00,4009.0,0.0112247443224682,45,-0.3488341531434455,HIGH,1220.804650245943,Production Anomaly,egauge90773,i51
2026-05-31,413,2026-05-31 11:40:58+00:00,2026-05-31 12:15:43+00:00,2085.0,0.0091127098277636,19,-0.3475470127497515,HIGH,633.2042641038249,Production Anomaly,egauge90773,i51
2026-05-31,414,2026-05-31 12:26:34+00:00,2026-05-31 12:50:28+00:00,1434.0,0.0097629009694819,14,-0.3488341531434455,HIGH,435.9046502459431,Production Anomaly,egauge90773,i51
2026-05-31,415,2026-05-31 12:56:48+00:00,2026-05-31 13:07:18+00:00,630.0,0.0142857142630385,9,-0.3475470127497515,HIGH,192.70426410382493,Production Anomaly,egauge90773,i51
2026-05-31,416,2026-05-31 13:17:58+00:00,2026-05-31 13:19:23+00:00,85.0,0.0470588229757785,4,-0.3470524786164258,HIGH,27.20411574358493,Production Anomaly,egauge90773,i51
2026-05-31,417,2026-05-31 13:27:10+00:00,2026-05-31 13:27:10+00:00,0.0,1000000.0,1,-0.3474480828305938,HIGH,0.5042344248491781,Production Anomaly,egauge90773,i51
2026-05-31,418,2026-05-31 13:35:13+00:00,2026-05-31 14:07:07+00:00,1914.0,0.00940438870982,18,-0.3474480828305938,HIGH,581.5042344248492,Production Anomaly,egauge90773,i51
2026-05-31,419,2026-05-31 14:17:59+00:00,2026-05-31 14:29:43+00:00,704.0,0.0099431818040579,7,-0.3488341531434455,HIGH,214.10465024594305,Production Anomaly,egauge90773,i51
2026-05-31,420,2026-05-31 14:35:57+00:00,2026-05-31 14:44:02+00:00,485.0,0.0185567009926665,9,-0.3475470127497515,HIGH,149.20426410382493,Production Anomaly,egauge90773,i51
2026-06-02,421,2026-06-02 03:44:09+00:00,2026-06-02 03:44:10+00:00,1.0,1.999998000002,2,-0.356498162600653,HIGH,1.206949448780196,Production Anomaly,egauge90773,i51
2026-06-02,422,2026-06-02 03:50:34+00:00,2026-06-02 04:29:47+00:00,2353.0,0.010624734377125,25,-0.3476459542178515,HIGH,716.0042937862653,Production Anomaly,egauge90773,i51
2026-06-02,423,2026-06-02 04:36:02+00:00,2026-06-02 05:16:01+00:00,2399.0,0.0129220508491362,31,-0.3482398456297474,HIGH,732.2044719536889,Production Anomaly,egauge90773,i51
2026-06-02,424,2026-06-02 05:26:17+00:00,2026-06-02 05:50:56+00:00,1479.0,0.0101419878227572,15,-0.3488341531434455,HIGH,449.80465024594304,Production Anomaly,egauge90773,i51
2026-06-02,425,2026-06-02 05:58:31+00:00,2026-06-02 06:05:12+00:00,401.0,0.0099750623192641,4,-0.3474480828305938,HIGH,122.00423442484916,Production Anomaly,egauge90773,i51
2026-06-02,426,2026-06-02 06:11:26+00:00,2026-06-02 07:08:40+00:00,3434.0,0.0104834012782517,36,-0.3488341531434455,HIGH,1044.7046502459432,Production Anomaly,egauge90773,i51
2026-06-02,427,2026-06-02 07:15:20+00:00,2026-06-02 07:42:36+00:00,1636.0,0.0116136919244415,19,-0.3479428479292872,HIGH,498.5043828543788,Production Anomaly,egauge90773,i51
2026-06-02,428,2026-06-02 07:48:56+00:00,2026-06-02 08:39:40+00:00,3044.0,0.0118265440171397,36,-0.3479428479292872,HIGH,927.7043828543788,Production Anomaly,egauge90773,i51
2026-06-02,429,2026-06-02 08:46:45+00:00,2026-06-02 09:15:10+00:00,1705.0,0.0093841642173699,16,-0.3479428479292872,HIGH,518.0043828543787,Production Anomaly,egauge90773,i51
2026-06-02,430,2026-06-02 09:27:19+00:00,2026-06-02 10:05:19+00:00,2280.0,0.0100877192938211,23,-0.3479428479292872,HIGH,693.3043828543788,Production Anomaly,egauge90773,i51
2026-06-02,431,2026-06-02 10:12:24+00:00,2026-06-02 12:38:52+00:00,8788.0,0.0083067819744757,73,-0.3492305894642054,HIGH,2665.70476917684,Production Anomaly,egauge90773,i51
2026-06-02,432,2026-06-02 12:46:28+00:00,2026-06-02 14:53:46+00:00,7638.0,0.0094265514520258,72,-0.3488341531434455,HIGH,2320.304650245944,Production Anomaly,egauge90773,i51
2026-06-03,433,2026-06-03 03:46:42+00:00,2026-06-03 03:46:43+00:00,1.0,1.999998000002,2,-0.356498162600653,HIGH,1.206949448780196,Production Anomaly,egauge90773,i51
2026-06-03,434,2026-06-03 03:55:05+00:00,2026-06-03 04:06:19+00:00,674.0,0.0118694361841699,8,-0.3474480828305938,HIGH,205.5042344248492,Production Anomaly,egauge90773,i51
2026-06-03,435,2026-06-03 04:15:39+00:00,2026-06-03 05:05:04+00:00,2965.0,0.009780775713396,29,-0.3479428479292872,HIGH,901.2043828543788,Production Anomaly,egauge90773,i51
2026-06-03,436,2026-06-03 05:15:00+00:00,2026-06-03 05:35:34+00:00,1234.0,0.0089141004789999,11,-0.3479428479292872,HIGH,374.7043828543788,Production Anomaly,egauge90773,i51
2026-06-03,437,2026-06-03 05:44:58+00:00,2026-06-03 06:15:33+00:00,1835.0,0.0087193460442946,16,-0.3474480828305938,HIGH,557.0042344248492,Production Anomaly,egauge90773,i51
2026-06-03,438,2026-06-03 06:21:53+00:00,2026-06-03 06:23:44+00:00,111.0,0.0270270267835403,3,-0.3470524786164258,HIGH,34.60411574358493,Production Anomaly,egauge90773,i51
2026-06-03,439,2026-06-03 06:33:09+00:00,2026-06-03 07:15:48+00:00,2559.0,0.0089878858894146,23,-0.3479428479292872,HIGH,777.0043828543787,Production Anomaly,egauge90773,i51
2026-06-03,440,2026-06-03 07:22:58+00:00,2026-06-03 14:37:29+00:00,26071.0,0.0083234244943299,217,-0.3488341531434455,HIGH,7908.2046502459425,Production Anomaly,egauge90773,i51
2026-06-03,441,2026-06-03 14:43:39+00:00,2026-06-03 15:53:38+00:00,4199.0,0.0078590140490928,33,-0.3479428479292872,HIGH,1273.004382854379,Production Anomaly,egauge90773,i51
2026-06-03,442,2026-06-03 16:00:43+00:00,2026-06-03 16:02:03+00:00,80.0,0.03749999953125,3,-0.3479428479292872,HIGH,25.304382854378787,Production Anomaly,egauge90773,i51
2026-06-03,443,2026-06-03 16:09:13+00:00,2026-06-03 16:20:23+00:00,670.0,0.008955223867231,6,-0.3481408348396766,HIGH,203.50444225045192,Production Anomaly,egauge90773,i51
2026-06-03,444,2026-06-03 16:27:28+00:00,2026-06-03 17:19:37+00:00,3129.0,0.0063918184703126,20,-0.3475470127497515,HIGH,946.8042641038248,Production Anomaly,egauge90773,i51
2026-06-03,445,2026-06-03 17:26:48+00:00,2026-06-03 17:56:17+00:00,1769.0,0.0101752402429761,18,-0.3479428479292872,HIGH,538.0043828543787,Production Anomaly,egauge90773,i51
2026-06-03,446,2026-06-03 18:03:27+00:00,2026-06-03 18:06:07+00:00,160.0,0.0312499998046875,5,-0.3479428479292872,HIGH,50.104382854378784,Production Anomaly,egauge90773,i51
2026-06-03,447,2026-06-03 18:14:37+00:00,2026-06-03 18:31:12+00:00,995.0,0.0120603014954167,12,-0.3479428479292872,HIGH,303.4043828543788,Production Anomaly,egauge90773,i51
2026-06-03,448,2026-06-03 18:41:02+00:00,2026-06-03 18:55:52+00:00,890.0,0.0123595505479106,11,-0.3479428479292872,HIGH,271.5043828543788,Production Anomaly,egauge90773,i51
2026-06-03,449,2026-06-03 19:03:57+00:00,2026-06-03 19:35:06+00:00,1869.0,0.0090957731358503,17,-0.3482398456297474,HIGH,567.6044719536889,Production Anomaly,egauge90773,i51
2026-06-03,450,2026-06-03 19:42:11+00:00,2026-06-03 19:46:11+00:00,240.0,0.0249999998958333,6,-0.3475470127497515,HIGH,74.50426410382494,Production Anomaly,egauge90773,i51
2026-06-03,451,2026-06-03 19:55:31+00:00,2026-06-03 20:01:01+00:00,330.0,0.0121212120844811,4,-0.3479428479292872,HIGH,100.70438285437878,Production Anomaly,egauge90773,i51
2026-06-03,452,2026-06-03 20:09:01+00:00,2026-06-03 20:09:06+00:00,5.0,0.399999920000016,2,-0.3474480828305938,HIGH,2.404234424849178,Production Anomaly,egauge90773,i51
2026-06-03,453,2026-06-03 20:15:46+00:00,2026-06-03 21:08:26+00:00,3160.0,0.009810126579174,31,-0.3479428479292872,HIGH,960.5043828543788,Production Anomaly,egauge90773,i51
2026-06-03,454,2026-06-03 21:15:05+00:00,2026-06-03 21:24:51+00:00,586.0,0.0085324231936306,5,-0.348536947355655,HIGH,177.90456108420668,Production Anomaly,egauge90773,i51
2026-06-03,455,2026-06-03 21:34:10+00:00,2026-06-03 21:41:01+00:00,411.0,0.0072992700552329,3,-0.3470524786164258,HIGH,124.60411574358491,Production Anomaly,egauge90773,i51
2026-06-03,456,2026-06-03 21:47:40+00:00,2026-06-03 21:54:15+00:00,395.0,0.0177215189424771,7,-0.3488341531434455,HIGH,121.40465024594305,Production Anomaly,egauge90773,i51
2026-06-03,457,2026-06-03 22:02:45+00:00,2026-06-03 22:04:05+00:00,80.0,0.0249999996875,2,-0.3474480828305938,HIGH,24.90423442484918,Production Anomaly,egauge90773,i51
2026-06-03,458,2026-06-03 22:10:50+00:00,2026-06-03 22:52:20+00:00,2490.0,0.0108433734896211,27,-0.3479428479292872,HIGH,757.9043828543787,Production Anomaly,egauge90773,i51
2026-06-03,459,2026-06-03 23:04:14+00:00,2026-06-04 00:05:49+00:00,3695.0,0.0143437077092439,53,-0.3482398456297474,HIGH,1129.804471953689,Production Anomaly,egauge90773,i51
2026-06-04,460,2026-06-04 00:13:54+00:00,2026-06-04 01:01:14+00:00,2840.0,0.0147887323891588,42,-0.3482398456297474,HIGH,868.9044719536889,Production Anomaly,egauge90773,i51
2026-06-04,461,2026-06-04 01:11:33+00:00,2026-06-04 01:44:23+00:00,1970.0,0.0121827411105671,24,-0.3488341531434455,HIGH,600.7046502459431,Production Anomaly,egauge90773,i51
2026-06-04,462,2026-06-04 07:37:53+00:00,2026-06-04 07:41:49+00:00,236.0,0.0127118643529158,3,-0.3586003302642665,HIGH,72.10758009907929,Production Anomaly,egauge90773,i51
2026-06-04,463,2026-06-04 08:07:35+00:00,2026-06-04 08:26:40+00:00,1145.0,0.0087336244465208,10,-0.356498162600653,HIGH,347.6069494487802,Production Anomaly,egauge90773,i51
2026-06-04,464,2026-06-04 08:41:19+00:00,2026-06-04 08:47:34+00:00,375.0,0.0106666666382222,4,-0.3474480828305938,HIGH,114.20423442484918,Production Anomaly,egauge90773,i51
2026-06-04,465,2026-06-04 08:58:39+00:00,2026-06-04 08:59:59+00:00,80.0,0.0249999996875,2,-0.3474480828305938,HIGH,24.90423442484918,Production Anomaly,egauge90773,i51
2026-06-04,466,2026-06-04 09:08:54+00:00,2026-06-04 09:08:59+00:00,5.0,0.399999920000016,2,-0.3474480828305938,HIGH,2.404234424849178,Production Anomaly,egauge90773,i51
2026-06-04,467,2026-06-04 09:15:19+00:00,2026-06-04 09:31:49+00:00,990.0,0.0121212121089684,12,-0.3479428479292872,HIGH,301.9043828543788,Production Anomaly,egauge90773,i51
2026-06-04,468,2026-06-04 09:39:48+00:00,2026-06-04 09:58:59+00:00,1151.0,0.0104257167589698,12,-0.3477449072362418,HIGH,350.20432347217087,Production Anomaly,egauge90773,i51
2026-06-04,469,2026-06-04 10:05:33+00:00,2026-06-04 10:30:13+00:00,1480.0,0.0135135135043827,20,-0.3488341531434455,HIGH,452.1046502459431,Production Anomaly,egauge90773,i51
2026-06-04,470,2026-06-04 10:55:08+00:00,2026-06-04 11:10:03+00:00,895.0,0.015642458083081,14,-0.3492305894642054,HIGH,274.2047691768393,Production Anomaly,egauge90773,i51
2026-06-04,471,2026-06-04 11:16:43+00:00,2026-06-04 11:54:48+00:00,2285.0,0.010065645509818,23,-0.3475470127497515,HIGH,694.804264103825,Production Anomaly,egauge90773,i51
2026-06-04,472,2026-06-04 12:01:28+00:00,2026-06-04 12:07:48+00:00,380.0,0.013157894702216,5,-0.3478438718062708,HIGH,116.10435316154188,Production Anomaly,egauge90773,i51
2026-06-04,473,2026-06-04 12:16:18+00:00,2026-06-04 12:39:08+00:00,1370.0,0.0109489051014971,15,-0.3479428479292872,HIGH,417.1043828543788,Production Anomaly,egauge90773,i51
2026-06-04,474,2026-06-04 12:48:03+00:00,2026-06-04 13:19:11+00:00,1868.0,0.0128479657318801,24,-0.3488341531434455,HIGH,570.104650245943,Production Anomaly,egauge90773,i51
2026-06-04,475,2026-06-04 13:25:57+00:00,2026-06-04 14:16:31+00:00,3034.0,0.0098879367139459,30,-0.3494288770504817,HIGH,922.3048286631152,Production Anomaly,egauge90773,i51
2026-06-04,476,2026-06-04 14:31:41+00:00,2026-06-04 14:38:26+00:00,405.0,0.0123456789818625,5,-0.3479428479292872,HIGH,123.60438285437878,Production Anomaly,egauge90773,i51
2026-06-04,477,2026-06-04 14:47:51+00:00,2026-06-04 14:58:41+00:00,650.0,0.013846153824852,9,-0.3479428479292872,HIGH,198.7043828543788,Production Anomaly,egauge90773,i51
2026-06-04,478,2026-06-04 15:06:01+00:00,2026-06-04 15:16:56+00:00,655.0,0.0106870228844472,7,-0.3479428479292872,HIGH,199.4043828543788,Production Anomaly,egauge90773,i51
2026-06-04,479,2026-06-04 15:24:55+00:00,2026-06-04 15:33:26+00:00,511.0,0.0136986301101788,7,-0.3479428479292872,HIGH,156.2043828543788,Production Anomaly,egauge90773,i51
2026-06-04,480,2026-06-04 15:41:05+00:00,2026-06-04 17:25:35+00:00,6270.0,0.0111642743203884,70,-0.3479428479292872,HIGH,1909.1043828543789,Production Anomaly,egauge90773,i51
2026-06-04,481,2026-06-04 17:33:24+00:00,2026-06-04 18:13:14+00:00,2390.0,0.0092050209166506,22,-0.3479428479292872,HIGH,725.9043828543787,Production Anomaly,egauge90773,i51
2026-06-04,482,2026-06-04 18:23:29+00:00,2026-06-04 18:35:39+00:00,730.0,0.0150684931300431,11,-0.3488341531434455,HIGH,223.50465024594305,Production Anomaly,egauge90773,i51
2026-06-04,483,2026-06-04 18:41:53+00:00,2026-06-04 19:27:03+00:00,2710.0,0.012546125456625,34,-0.3492305894642054,HIGH,826.7047691768392,Production Anomaly,egauge90773,i51
2026-06-04,484,2026-06-04 19:37:49+00:00,2026-06-04 21:47:28+00:00,7779.0,0.0120838153988836,94,-0.3492305894642054,HIGH,2371.404769176839,Production Anomaly,egauge90773,i51
2026-06-04,485,2026-06-04 21:55:08+00:00,2026-06-04 22:15:47+00:00,1239.0,0.0080710250136634,10,-0.3474480828305938,HIGH,375.80423442484914,Production Anomaly,egauge90773,i51
2026-06-04,486,2026-06-04 22:24:41+00:00,2026-06-04 23:37:11+00:00,4350.0,0.0091954022967366,40,-0.3488341531434455,HIGH,1321.104650245943,Production Anomaly,egauge90773,i51
2026-06-04,487,2026-06-04 23:43:31+00:00,2026-06-05 00:23:21+00:00,2390.0,0.0146443514583078,35,-0.3495280382048219,HIGH,731.1048584114615,Production Anomaly,egauge90773,i51
2026-06-05,488,2026-06-05 00:29:41+00:00,2026-06-05 01:04:45+00:00,2104.0,0.009980988588412,21,-0.3479428479292872,HIGH,639.7043828543787,Production Anomaly,egauge90773,i51
2026-06-05,489,2026-06-05 01:11:26+00:00,2026-06-05 01:35:55+00:00,1469.0,0.0102110279031919,15,-0.3488341531434455,HIGH,446.80465024594304,Production Anomaly,egauge90773,i51
2026-06-05,490,2026-06-05 01:43:35+00:00,2026-06-05 01:53:51+00:00,616.0,0.0081168831037063,5,-0.3492305894642054,HIGH,186.90476917683924,Production Anomaly,egauge90773,i51
2026-06-05,491,2026-06-05 01:59:50+00:00,2026-06-05 01:59:50+00:00,0.0,1000000.0,1,-0.3470524786164258,HIGH,0.5041157435849277,Production Anomaly,egauge90773,i51
2026-06-05,492,2026-06-05 02:06:00+00:00,2026-06-05 02:17:25+00:00,685.0,0.0189781021620757,13,-0.3482398456297474,HIGH,210.8044719536889,Production Anomaly,egauge90773,i51
2026-06-06,493,2026-06-06 04:43:47+00:00,2026-06-06 04:43:48+00:00,1.0,1.999998000002,2,-0.3565981490136282,HIGH,1.2069794447040885,Production Anomaly,egauge90773,i51
2026-06-06,494,2026-06-06 05:04:51+00:00,2026-06-06 05:16:14+00:00,683.0,0.0175695460943344,12,-0.3492305894642054,HIGH,209.80476917683927,Production Anomaly,egauge90773,i51
2026-06-06,495,2026-06-06 05:22:59+00:00,2026-06-06 05:48:38+00:00,1539.0,0.009746588687624,15,-0.3475470127497515,HIGH,467.8042641038249,Production Anomaly,egauge90773,i51
2026-06-06,496,2026-06-06 05:55:49+00:00,2026-06-06 06:15:35+00:00,1186.0,0.0101180438363254,12,-0.3488341531434455,HIGH,360.7046502459431,Production Anomaly,egauge90773,i51
2026-06-06,497,2026-06-06 06:21:49+00:00,2026-06-06 07:58:18+00:00,5789.0,0.0101917429590271,59,-0.3492305894642054,HIGH,1760.4047691768392,Production Anomaly,egauge90773,i51
2026-06-06,498,2026-06-06 08:05:27+00:00,2026-06-06 08:17:03+00:00,696.0,0.0143678160713106,10,-0.3479428479292872,HIGH,212.9043828543788,Production Anomaly,egauge90773,i51
2026-06-06,499,2026-06-06 08:23:13+00:00,2026-06-06 08:48:02+00:00,1489.0,0.0080591000617467,12,-0.3479428479292872,HIGH,451.6043828543788,Production Anomaly,egauge90773,i51
2026-06-06,500,2026-06-06 08:56:57+00:00,2026-06-06 09:16:32+00:00,1175.0,0.0127659574359438,15,-0.3482398456297474,HIGH,358.6044719536889,Production Anomaly,egauge90773,i51
2026-06-06,501,2026-06-06 09:22:53+00:00,2026-06-06 09:42:06+00:00,1153.0,0.014744145694064,17,-0.3479428479292872,HIGH,352.8043828543788,Production Anomaly,egauge90773,i51
2026-06-06,502,2026-06-06 09:49:12+00:00,2026-06-06 10:52:57+00:00,3825.0,0.0094117647034217,36,-0.3479428479292872,HIGH,1162.004382854379,Production Anomaly,egauge90773,i51
2026-06-06,503,2026-06-06 11:00:56+00:00,2026-06-06 11:06:16+00:00,320.0,0.0156249999511718,5,-0.348536947355655,HIGH,98.1045610842067,Production Anomaly,egauge90773,i51
2026-06-06,504,2026-06-06 11:12:56+00:00,2026-06-06 11:50:51+00:00,2275.0,0.0101098901054462,23,-0.3479428479292872,HIGH,691.8043828543788,Production Anomaly,egauge90773,i51
2026-06-06,505,2026-06-06 11:57:30+00:00,2026-06-06 12:16:41+00:00,1151.0,0.0121633362187981,14,-0.3474480828305938,HIGH,351.0042344248492,Production Anomaly,egauge90773,i51
2026-06-06,506,2026-06-06 12:26:00+00:00,2026-06-06 12:54:00+00:00,1680.0,0.0089285714232568,15,-0.3482398456297474,HIGH,510.1044719536889,Production Anomaly,egauge90773,i51
2026-06-06,507,2026-06-06 12:59:51+00:00,2026-06-06 13:02:04+00:00,133.0,0.0150375938718977,2,-0.3470524786164258,HIGH,40.80411574358492,Production Anomaly,egauge90773,i51
2026-06-06,508,2026-06-06 13:09:10+00:00,2026-06-06 13:36:45+00:00,1655.0,0.0120845921377132,20,-0.3479428479292872,HIGH,504.6043828543788,Production Anomaly,egauge90773,i51
2026-06-06,509,2026-06-06 13:48:19+00:00,2026-06-06 14:39:40+00:00,3081.0,0.0110353781204039,34,-0.3492305894642054,HIGH,938.0047691768392,Production Anomaly,egauge90773,i51
2026-06-06,510,2026-06-06 14:50:24+00:00,2026-06-06 14:56:10+00:00,346.0,0.0202312138143606,7,-0.3479428479292872,HIGH,106.70438285437878,Production Anomaly,egauge90773,i51
2026-06-06,511,2026-06-06 15:02:49+00:00,2026-06-06 16:12:19+00:00,4170.0,0.0105515587504672,44,-0.3479428479292872,HIGH,1268.7043828543788,Production Anomaly,egauge90773,i51
2026-06-06,512,2026-06-06 16:19:09+00:00,2026-06-06 16:19:09+00:00,0.0,1000000.0,1,-0.3470524786164258,HIGH,0.5041157435849277,Production Anomaly,egauge90773,i51
2026-06-06,513,2026-06-06 16:26:43+00:00,2026-06-06 16:46:53+00:00,1210.0,0.0115702479243221,14,-0.3479428479292872,HIGH,368.7043828543788,Production Anomaly,egauge90773,i51
2026-06-06,514,2026-06-06 17:02:32+00:00,2026-06-06 17:22:12+00:00,1180.0,0.0110169491432059,13,-0.3479428479292872,HIGH,359.3043828543788,Production Anomaly,egauge90773,i51
2026-06-06,515,2026-06-06 17:30:13+00:00,2026-06-06 17:51:17+00:00,1264.0,0.0094936708785651,12,-0.3482398456297474,HIGH,384.1044719536889,Production Anomaly,egauge90773,i51
2026-06-06,516,2026-06-06 18:16:17+00:00,2026-06-06 18:56:02+00:00,2385.0,0.0142557651931841,34,-0.3479428479292872,HIGH,729.2043828543788,Production Anomaly,egauge90773,i51
2026-06-06,517,2026-06-06 19:02:27+00:00,2026-06-06 20:02:11+00:00,3584.0,0.0106026785684702,38,-0.350818187113496,HIGH,1090.5052454561342,Production Anomaly,egauge90773,i51
2026-06-06,518,2026-06-06 20:10:01+00:00,2026-06-06 20:20:21+00:00,620.0,0.0177419354552549,11,-0.3474480828305938,HIGH,190.5042344248492,Production Anomaly,egauge90773,i51
2026-06-06,519,2026-06-06 20:26:36+00:00,2026-06-06 20:53:01+00:00,1585.0,0.0145110410003084,23,-0.3475470127497515,HIGH,484.8042641038249,Production Anomaly,egauge90773,i51
2026-06-06,520,2026-06-06 20:59:41+00:00,2026-06-06 21:09:11+00:00,570.0,0.0122807017328408,7,-0.3474480828305938,HIGH,173.9042344248492,Production Anomaly,egauge90773,i51
2026-06-06,521,2026-06-06 21:18:11+00:00,2026-06-06 21:42:26+00:00,1455.0,0.014432989680802,21,-0.3479428479292872,HIGH,445.0043828543788,Production Anomaly,egauge90773,i51
2026-06-06,522,2026-06-06 21:49:05+00:00,2026-06-06 22:06:35+00:00,1050.0,0.0104761904662131,11,-0.3470524786164258,HIGH,319.5041157435849,Production Anomaly,egauge90773,i51
2026-06-06,523,2026-06-06 22:14:40+00:00,2026-06-06 22:19:40+00:00,300.0,0.0133333332888888,4,-0.3473491644590301,HIGH,91.7042047493377,Production Anomaly,egauge90773,i51
2026-06-06,524,2026-06-06 22:26:25+00:00,2026-06-06 22:26:25+00:00,0.0,1000000.0,1,-0.3470524786164258,HIGH,0.5041157435849277,Production Anomaly,egauge90773,i51
2026-06-06,525,2026-06-06 22:34:10+00:00,2026-06-06 23:02:54+00:00,1724.0,0.0133410672776443,23,-0.3482398456297474,HIGH,526.504471953689,Production Anomaly,egauge90773,i51
2026-06-06,526,2026-06-06 23:13:35+00:00,2026-06-07 00:01:10+00:00,2855.0,0.0122591943915029,35,-0.3479428479292872,HIGH,870.6043828543787,Production Anomaly,egauge90773,i51
2026-06-07,527,2026-06-07 00:14:30+00:00,2026-06-07 00:20:49+00:00,379.0,0.0211081793638306,8,-0.3479428479292872,HIGH,117.0043828543788,Production Anomaly,egauge90773,i51
2026-06-07,528,2026-06-07 00:29:54+00:00,2026-06-07 00:32:34+00:00,160.0,0.012499999921875,2,-0.3474480828305938,HIGH,48.90423442484918,Production Anomaly,egauge90773,i51
2026-06-07,529,2026-06-07 00:38:54+00:00,2026-06-07 00:38:54+00:00,0.0,1000000.0,1,-0.3479428479292872,HIGH,0.5043828543787862,Production Anomaly,egauge90773,i51
2026-06-07,530,2026-06-07 00:49:39+00:00,2026-06-07 00:53:39+00:00,240.0,0.0291666665451388,7,-0.3475470127497515,HIGH,74.90426410382493,Production Anomaly,egauge90773,i51
2026-06-07,531,2026-06-07 01:04:19+00:00,2026-06-07 01:04:19+00:00,0.0,1000000.0,1,-0.3479428479292872,HIGH,0.5043828543787862,Production Anomaly,egauge90773,i51
2026-06-07,532,2026-06-07 01:13:44+00:00,2026-06-07 01:26:44+00:00,780.0,0.0064102564020381,5,-0.3479428479292872,HIGH,236.1043828543788,Production Anomaly,egauge90773,i51
2026-06-07,533,2026-06-07 01:35:09+00:00,2026-06-07 03:03:23+00:00,5294.0,0.01284472988046,68,-0.3486360043873541,HIGH,1615.5045908013162,Production Anomaly,egauge90773,i51
2026-06-07,534,2026-06-07 03:09:43+00:00,2026-06-07 04:06:23+00:00,3400.0,0.0108823529379757,37,-0.3491314630295673,HIGH,1034.9047394389088,Production Anomaly,egauge90773,i51
2026-06-07,535,2026-06-07 04:14:07+00:00,2026-06-07 05:02:07+00:00,2880.0,0.0159722222166763,46,-0.3484379018863872,HIGH,882.5045313705659,Production Anomaly,egauge90773,i51
2026-06-07,536,2026-06-07 05:09:46+00:00,2026-06-07 05:27:16+00:00,1050.0,0.0057142857088435,6,-0.3470524786164258,HIGH,317.5041157435849,Production Anomaly,egauge90773,i51
2026-06-07,537,2026-06-07 05:34:01+00:00,2026-06-07 06:47:41+00:00,4420.0,0.0081447963782477,36,-0.3479428479292872,HIGH,1340.504382854379,Production Anomaly,egauge90773,i51
2026-06-07,538,2026-06-07 06:54:16+00:00,2026-06-07 07:07:01+00:00,765.0,0.0235294117339484,18,-0.3486360043873541,HIGH,236.80459080131612,Production Anomaly,egauge90773,i51
2026-06-07,539,2026-06-07 07:15:01+00:00,2026-06-07 14:03:17+00:00,24496.0,0.0128592423247526,315,-0.3506195752117337,HIGH,7474.905185872563,Production Anomaly,egauge90773,i51
2026-06-07,540,2026-06-07 14:41:50+00:00,2026-06-07 14:43:33+00:00,103.0,0.0485436888490904,5,-0.3586003302642665,HIGH,33.00758009907928,Production Anomaly,egauge90773,i51
2026-06-08,541,2026-06-08 05:17:32+00:00,2026-06-08 05:20:13+00:00,161.0,0.0186335402569345,3,-0.3546006366754267,HIGH,49.60638019100263,Production Anomaly,egauge90773,i51
2026-06-08,542,2026-06-08 07:35:58+00:00,2026-06-08 07:35:59+00:00,1.0,1.999998000002,2,-0.3557985844191244,HIGH,1.2067395753257375,Production Anomaly,egauge90773,i51
2026-06-11,543,2026-06-11 13:56:49+00:00,2026-06-11 13:56:50+00:00,1.0,1.999998000002,2,-0.356498162600653,HIGH,1.206949448780196,Production Anomaly,egauge90773,i51
2026-06-11,544,2026-06-11 14:09:04+00:00,2026-06-11 14:12:27+00:00,203.0,0.014778325050353,3,-0.3546006366754267,HIGH,62.20638019100263,Production Anomaly,egauge90773,i51
2026-06-11,545,2026-06-11 14:19:59+00:00,2026-06-11 14:20:00+00:00,1.0,1.999998000002,2,-0.3510168453893232,HIGH,1.205305053616797,Production Anomaly,egauge90773,i51
2026-06-13,546,2026-06-13 02:56:07+00:00,2026-06-13 02:57:56+00:00,109.0,0.1926605486911876,21,-0.3581995199776895,HIGH,41.2074598559933,Production Anomaly,egauge90773,i51
2026-06-13,547,2026-06-13 03:39:48+00:00,2026-06-13 04:19:12+00:00,2364.0,0.008460236883054,20,-0.3533047522015657,HIGH,717.3059914256604,Production Anomaly,egauge90773,i51
2026-06-13,548,2026-06-13 04:27:12+00:00,2026-06-13 04:43:02+00:00,950.0,0.0073684210448753,7,-0.3488341531434455,HIGH,287.90465024594306,Production Anomaly,egauge90773,i51
2026-06-13,549,2026-06-13 04:50:42+00:00,2026-06-13 04:57:12+00:00,390.0,0.0076923076725838,3,-0.3472502576337127,HIGH,118.30417507729013,Production Anomaly,egauge90773,i51
2026-06-13,550,2026-06-13 05:13:31+00:00,2026-06-13 06:01:11+00:00,2860.0,0.0066433566410337,19,-0.3491314630295673,HIGH,865.7047394389089,Production Anomaly,egauge90773,i51
2026-06-13,551,2026-06-13 06:07:06+00:00,2026-06-13 06:30:46+00:00,1420.0,0.0063380281645506,9,-0.3488341531434455,HIGH,429.7046502459431,Production Anomaly,egauge90773,i51
2026-06-13,552,2026-06-13 06:38:01+00:00,2026-06-13 06:38:01+00:00,0.0,1000000.0,1,-0.3475470127497515,HIGH,0.5042641038249255,Production Anomaly,egauge90773,i51
2026-06-13,553,2026-06-13 06:48:26+00:00,2026-06-13 06:49:06+00:00,40.0,0.04999999875,2,-0.3472502576337127,HIGH,12.904175077290114,Production Anomaly,egauge90773,i51
2026-06-13,554,2026-06-13 07:00:01+00:00,2026-06-13 07:15:20+00:00,919.0,0.0065288356838641,6,-0.3475470127497515,HIGH,278.20426410382487,Production Anomaly,egauge90773,i51
2026-06-13,555,2026-06-13 07:21:40+00:00,2026-06-13 07:25:50+00:00,250.0,0.007999999968,2,-0.3486360043873541,HIGH,75.9045908013162,Production Anomaly,egauge90773,i51
2026-06-13,556,2026-06-13 07:39:05+00:00,2026-06-13 08:02:40+00:00,1415.0,0.0091872791454506,13,-0.3486360043873541,HIGH,429.8045908013162,Production Anomaly,egauge90773,i51
2026-06-13,557,2026-06-13 08:14:15+00:00,2026-06-13 08:35:05+00:00,1250.0,0.0159999999872,20,-0.3484379018863872,HIGH,383.1045313705659,Production Anomaly,egauge90773,i51
2026-06-13,558,2026-06-13 08:53:40+00:00,2026-06-13 09:04:09+00:00,629.0,0.014308426050384,9,-0.3475470127497515,HIGH,192.4042641038249,Production Anomaly,egauge90773,i51
2026-06-13,559,2026-06-13 09:11:49+00:00,2026-06-13 09:18:29+00:00,400.0,0.00749999998125,3,-0.3475470127497515,HIGH,121.30426410382492,Production Anomaly,egauge90773,i51
2026-06-13,560,2026-06-13 09:24:34+00:00,2026-06-13 09:24:34+00:00,0.0,1000000.0,1,-0.3475470127497515,HIGH,0.5042641038249255,Production Anomaly,egauge90773,i51
2026-06-13,561,2026-06-13 09:31:14+00:00,2026-06-13 09:31:34+00:00,20.0,0.0999999950000002,2,-0.3482398456297474,HIGH,6.904471953688924,Production Anomaly,egauge90773,i51
2026-06-13,562,2026-06-13 09:37:29+00:00,2026-06-13 09:44:04+00:00,395.0,0.0126582278160551,5,-0.3486360043873541,HIGH,120.6045908013162,Production Anomaly,egauge90773,i51
2026-06-13,563,2026-06-13 09:49:59+00:00,2026-06-13 09:57:59+00:00,480.0,0.0104166666449652,5,-0.3486360043873541,HIGH,146.1045908013162,Production Anomaly,egauge90773,i51
2026-06-13,564,2026-06-13 10:04:59+00:00,2026-06-13 10:19:29+00:00,870.0,0.0091954022882811,8,-0.3486360043873541,HIGH,264.3045908013162,Production Anomaly,egauge90773,i51
2026-06-13,565,2026-06-13 10:26:24+00:00,2026-06-13 10:28:54+00:00,150.0,0.0133333332444444,2,-0.3472502576337127,HIGH,45.90417507729011,Production Anomaly,egauge90773,i51
2026-06-13,566,2026-06-13 10:51:33+00:00,2026-06-13 11:07:48+00:00,975.0,0.0102564102458908,10,-0.3475470127497515,HIGH,296.6042641038249,Production Anomaly,egauge90773,i51
2026-06-13,567,2026-06-13 11:21:03+00:00,2026-06-13 11:26:48+00:00,345.0,0.0202898550136525,7,-0.3486360043873541,HIGH,106.4045908013162,Production Anomaly,egauge90773,i51
2026-06-13,568,2026-06-13 11:34:18+00:00,2026-06-13 11:34:18+00:00,0.0,1000000.0,1,-0.3482398456297474,HIGH,0.5044719536889243,Production Anomaly,egauge90773,i51
2026-06-13,569,2026-06-13 11:41:03+00:00,2026-06-13 11:49:33+00:00,510.0,0.0196078430988081,10,-0.3486360043873541,HIGH,157.1045908013162,Production Anomaly,egauge90773,i51
2026-06-13,570,2026-06-13 11:59:13+00:00,2026-06-13 12:04:18+00:00,305.0,0.009836065541521,3,-0.3475470127497515,HIGH,92.80426410382492,Production Anomaly,egauge90773,i51
2026-06-13,571,2026-06-13 12:13:38+00:00,2026-06-13 12:23:33+00:00,595.0,0.0050420167982487,3,-0.3475470127497515,HIGH,179.80426410382492,Production Anomaly,egauge90773,i51
2026-06-13,572,2026-06-13 12:32:53+00:00,2026-06-13 12:32:53+00:00,0.0,1000000.0,1,-0.3472502576337127,HIGH,0.5041750772901139,Production Anomaly,egauge90773,i51
2026-06-13,573,2026-06-13 12:43:47+00:00,2026-06-13 12:48:32+00:00,285.0,0.0070175438350261,2,-0.3470524786164258,HIGH,86.40411574358492,Production Anomaly,egauge90773,i51
2026-06-13,574,2026-06-13 13:00:41+00:00,2026-06-13 13:00:42+00:00,1.0,1.999998000002,2,-0.3587005620813923,HIGH,1.2076101686244178,Production Anomaly,egauge90773,i51
2026-06-13,575,2026-06-13 13:07:17+00:00,2026-06-13 13:10:17+00:00,180.0,0.0111111110493827,2,-0.3484379018863872,HIGH,54.90453137056591,Production Anomaly,egauge90773,i51
2026-06-13,576,2026-06-13 13:16:57+00:00,2026-06-13 13:21:17+00:00,260.0,0.0115384614940828,3,-0.3484379018863872,HIGH,79.30453137056593,Production Anomaly,egauge90773,i51
2026-06-13,577,2026-06-13 13:27:47+00:00,2026-06-13 14:00:42+00:00,1975.0,0.0081012658186829,16,-0.3484379018863872,HIGH,599.0045313705659,Production Anomaly,egauge90773,i51
2026-06-13,578,2026-06-13 14:13:37+00:00,2026-06-13 14:24:57+00:00,680.0,0.0176470587975778,12,-0.3475470127497515,HIGH,208.9042641038249,Production Anomaly,egauge90773,i51
2026-06-13,579,2026-06-13 14:33:42+00:00,2026-06-13 14:34:41+00:00,59.0,0.0508474567652973,3,-0.3475470127497515,HIGH,19.004264103824923,Production Anomaly,egauge90773,i51
2026-06-13,580,2026-06-13 14:42:27+00:00,2026-06-13 14:42:27+00:00,0.0,1000000.0,1,-0.3472502576337127,HIGH,0.5041750772901139,Production Anomaly,egauge90773,i51
2026-06-13,581,2026-06-13 14:57:56+00:00,2026-06-13 15:03:46+00:00,350.0,0.0085714285469387,3,-0.3475470127497515,HIGH,106.30426410382492,Production Anomaly,egauge90773,i51
2026-06-13,582,2026-06-13 15:15:56+00:00,2026-06-13 15:17:11+00:00,75.0,0.0266666663111111,2,-0.3486360043873541,HIGH,23.404590801316207,Production Anomaly,egauge90773,i51
2026-06-13,583,2026-06-13 15:25:11+00:00,2026-06-13 15:33:36+00:00,505.0,0.0079207920635231,4,-0.3486360043873541,HIGH,153.2045908013162,Production Anomaly,egauge90773,i51
2026-06-13,584,2026-06-13 15:39:56+00:00,2026-06-13 15:52:21+00:00,745.0,0.0134228187739291,10,-0.3484379018863872,HIGH,227.60453137056592,Production Anomaly,egauge90773,i51
2026-06-13,585,2026-06-13 16:03:01+00:00,2026-06-13 16:07:36+00:00,275.0,0.0072727272462809,2,-0.3475470127497515,HIGH,83.40426410382493,Production Anomaly,egauge90773,i51
2026-06-13,586,2026-06-13 16:15:46+00:00,2026-06-13 16:26:31+00:00,645.0,0.0108527131614686,7,-0.3484379018863872,HIGH,196.404531370566,Production Anomaly,egauge90773,i51
2026-06-13,587,2026-06-13 16:34:15+00:00,2026-06-13 16:55:50+00:00,1295.0,0.0077220077160447,10,-0.3484379018863872,HIGH,392.6045313705659,Production Anomaly,egauge90773,i51
2026-06-13,588,2026-06-13 17:02:10+00:00,2026-06-13 17:02:50+00:00,40.0,0.04999999875,2,-0.3482398456297474,HIGH,12.904471953688924,Production Anomaly,egauge90773,i51
2026-06-13,589,2026-06-13 17:10:25+00:00,2026-06-13 17:33:50+00:00,1405.0,0.0113879003477666,16,-0.3486360043873541,HIGH,428.00459080131617,Production Anomaly,egauge90773,i51
2026-06-13,590,2026-06-13 17:41:05+00:00,2026-06-13 17:49:35+00:00,510.0,0.0117647058592848,6,-0.3484379018863872,HIGH,155.50453137056593,Production Anomaly,egauge90773,i51
2026-06-13,591,2026-06-13 18:12:05+00:00,2026-06-13 18:32:34+00:00,1229.0,0.0081366964945999,10,-0.3475470127497515,HIGH,372.8042641038249,Production Anomaly,egauge90773,i51
2026-06-13,592,2026-06-13 18:44:44+00:00,2026-06-13 18:50:24+00:00,340.0,0.0088235293858131,3,-0.3486360043873541,HIGH,103.3045908013162,Production Anomaly,egauge90773,i51
2026-06-13,593,2026-06-13 18:57:00+00:00,2026-06-13 19:32:59+00:00,2159.0,0.0083371931411129,18,-0.3486360043873541,HIGH,655.0045908013162,Production Anomaly,egauge90773,i51
2026-06-13,594,2026-06-13 19:40:14+00:00,2026-06-13 19:45:44+00:00,330.0,0.0151515151056014,5,-0.3484379018863872,HIGH,101.10453137056592,Production Anomaly,egauge90773,i51
2026-06-13,595,2026-06-13 20:52:01+00:00,2026-06-13 20:52:02+00:00,1.0,1.999998000002,2,-0.3565981490136282,HIGH,1.2069794447040885,Production Anomaly,egauge90773,i51
2026-06-13,596,2026-06-13 20:59:09+00:00,2026-06-13 21:09:38+00:00,629.0,0.0127186009336747,8,-0.3482398456297474,HIGH,192.0044719536889,Production Anomaly,egauge90773,i51
2026-06-13,597,2026-06-13 21:16:13+00:00,2026-06-13 21:18:13+00:00,120.0,0.0166666665277777,2,-0.3475470127497515,HIGH,36.90426410382492,Production Anomaly,egauge90773,i51
2026-06-13,598,2026-06-13 21:26:28+00:00,2026-06-13 21:34:49+00:00,501.0,0.0079840319201915,4,-0.3484379018863872,HIGH,152.0045313705659,Production Anomaly,egauge90773,i51
2026-06-13,599,2026-06-13 21:44:53+00:00,2026-06-13 21:57:07+00:00,734.0,0.0068119890915368,5,-0.3475470127497515,HIGH,222.3042641038249,Production Anomaly,egauge90773,i51
2026-06-13,600,2026-06-13 22:08:23+00:00,2026-06-13 22:17:07+00:00,524.0,0.0171755724863061,9,-0.3475470127497515,HIGH,160.90426410382491,Production Anomaly,egauge90773,i51
2026-06-13,601,2026-06-13 22:24:52+00:00,2026-06-13 22:26:52+00:00,120.0,0.0333333330555555,4,-0.3475470127497515,HIGH,37.704264103824926,Production Anomaly,egauge90773,i51
2026-06-13,602,2026-06-13 22:34:12+00:00,2026-06-13 22:43:17+00:00,545.0,0.0091743119097719,5,-0.3486360043873541,HIGH,165.6045908013162,Production Anomaly,egauge90773,i51
2026-06-13,603,2026-06-13 22:55:22+00:00,2026-06-13 22:55:22+00:00,0.0,1000000.0,1,-0.3475470127497515,HIGH,0.5042641038249255,Production Anomaly,egauge90773,i51
2026-06-13,604,2026-06-13 23:05:52+00:00,2026-06-13 23:11:37+00:00,345.0,0.0086956521487082,3,-0.3484379018863872,HIGH,104.80453137056593,Production Anomaly,egauge90773,i51
2026-06-13,605,2026-06-13 23:19:57+00:00,2026-06-13 23:26:22+00:00,385.0,0.0103896103626243,4,-0.3482398456297474,HIGH,117.20447195368892,Production Anomaly,egauge90773,i51
2026-06-13,606,2026-06-13 23:37:37+00:00,2026-06-13 23:41:17+00:00,220.0,0.0318181816735537,7,-0.3475470127497515,HIGH,68.90426410382493,Production Anomaly,egauge90773,i51
2026-06-13,607,2026-06-13 23:48:12+00:00,2026-06-13 23:53:07+00:00,295.0,0.0067796609939672,2,-0.3472502576337127,HIGH,89.4041750772901,Production Anomaly,egauge90773,i51
2026-06-14,608,2026-06-14 00:11:51+00:00,2026-06-14 00:11:51+00:00,0.0,1000000.0,1,-0.3484379018863872,HIGH,0.5045313705659162,Production Anomaly,egauge90773,i51
2026-06-14,609,2026-06-14 00:20:11+00:00,2026-06-14 00:22:56+00:00,165.0,0.0121212120477502,2,-0.3475470127497515,HIGH,50.40426410382492,Production Anomaly,egauge90773,i51
2026-06-14,610,2026-06-14 00:40:46+00:00,2026-06-14 00:44:26+00:00,220.0,0.0181818180991735,4,-0.3486360043873541,HIGH,67.7045908013162,Production Anomaly,egauge90773,i51
2026-06-14,611,2026-06-14 01:00:26+00:00,2026-06-14 01:04:41+00:00,255.0,0.0235294116724336,6,-0.3488341531434455,HIGH,79.00465024594304,Production Anomaly,egauge90773,i51
2026-06-14,612,2026-06-14 01:11:22+00:00,2026-06-14 01:12:01+00:00,39.0,0.0769230749506904,3,-0.3484379018863872,HIGH,13.004531370565914,Production Anomaly,egauge90773,i51
2026-06-14,613,2026-06-14 01:21:26+00:00,2026-06-14 01:21:26+00:00,0.0,1000000.0,1,-0.3472502576337127,HIGH,0.5041750772901139,Production Anomaly,egauge90773,i51
2026-06-14,614,2026-06-14 01:30:16+00:00,2026-06-14 01:30:16+00:00,0.0,1000000.0,1,-0.3472502576337127,HIGH,0.5041750772901139,Production Anomaly,egauge90773,i51
2026-06-14,615,2026-06-14 01:39:21+00:00,2026-06-14 01:42:26+00:00,185.0,0.0108108107523739,2,-0.3475470127497515,HIGH,56.40426410382492,Production Anomaly,egauge90773,i51
2026-06-14,616,2026-06-14 01:49:06+00:00,2026-06-14 02:05:40+00:00,994.0,0.0080482897303337,8,-0.3484379018863872,HIGH,301.50453137056587,Production Anomaly,egauge90773,i51
2026-06-14,617,2026-06-14 02:24:25+00:00,2026-06-14 02:27:55+00:00,210.0,0.014285714217687,3,-0.3482398456297474,HIGH,64.30447195368893,Production Anomaly,egauge90773,i51
2026-06-14,618,2026-06-14 02:34:00+00:00,2026-06-14 03:02:35+00:00,1715.0,0.0093294460587,16,-0.3486360043873541,HIGH,521.0045908013162,Production Anomaly,egauge90773,i51
2026-06-14,619,2026-06-14 14:54:20+00:00,2026-06-14 14:54:22+00:00,2.0,0.99999950000025,2,-0.3502224904871055,HIGH,1.5050667471461316,Production Anomaly,egauge90773,i51
2026-06-14,620,2026-06-14 15:03:05+00:00,2026-06-14 15:06:18+00:00,193.0,0.0103626942468254,2,-0.3475470127497515,HIGH,58.80426410382492,Production Anomaly,egauge90773,i51
2026-06-14,621,2026-06-14 15:12:33+00:00,2026-06-14 15:12:33+00:00,0.0,1000000.0,1,-0.3473491644590301,HIGH,0.5042047493377091,Production Anomaly,egauge90773,i51
2026-06-14,622,2026-06-14 15:21:48+00:00,2026-06-14 15:32:23+00:00,635.0,0.0141732283241366,9,-0.3484379018863872,HIGH,194.20453137056592,Production Anomaly,egauge90773,i51
2026-06-14,623,2026-06-14 15:42:58+00:00,2026-06-14 15:45:18+00:00,140.0,0.0142857141836734,2,-0.3484379018863872,HIGH,42.90453137056591,Production Anomaly,egauge90773,i51
2026-06-14,624,2026-06-14 15:54:28+00:00,2026-06-14 16:00:03+00:00,335.0,0.00597014923591,2,-0.3482398456297474,HIGH,101.40447195368893,Production Anomaly,egauge90773,i51
2026-06-14,625,2026-06-14 16:06:48+00:00,2026-06-14 16:11:48+00:00,300.0,0.0066666666444444,2,-0.3484379018863872,HIGH,90.90453137056592,Production Anomaly,egauge90773,i51
2026-06-14,626,2026-06-14 16:24:43+00:00,2026-06-14 16:27:03+00:00,140.0,0.0214285712755102,3,-0.3472502576337127,HIGH,43.30417507729012,Production Anomaly,egauge90773,i51
2026-06-14,627,2026-06-14 16:36:23+00:00,2026-06-14 16:37:03+00:00,40.0,0.04999999875,2,-0.3472502576337127,HIGH,12.904175077290114,Production Anomaly,egauge90773,i51
2026-06-14,628,2026-06-14 16:43:32+00:00,2026-06-14 16:45:48+00:00,136.0,0.0147058822448096,2,-0.3475470127497515,HIGH,41.70426410382492,Production Anomaly,egauge90773,i51
2026-06-14,629,2026-06-14 16:58:37+00:00,2026-06-14 17:15:32+00:00,1015.0,0.0098522167390618,10,-0.3484379018863872,HIGH,308.6045313705659,Production Anomaly,egauge90773,i51
2026-06-14,630,2026-06-14 17:25:07+00:00,2026-06-14 17:47:12+00:00,1325.0,0.0098113207473122,13,-0.3486360043873541,HIGH,402.8045908013162,Production Anomaly,egauge90773,i51
2026-06-14,631,2026-06-14 17:54:22+00:00,2026-06-14 18:08:42+00:00,860.0,0.0093023255705786,8,-0.3484379018863872,HIGH,261.3045313705659,Production Anomaly,egauge90773,i51
2026-06-14,632,2026-06-14 18:24:57+00:00,2026-06-14 18:29:37+00:00,280.0,0.0249999999107142,7,-0.3482398456297474,HIGH,86.90447195368893,Production Anomaly,egauge90773,i51
2026-06-14,633,2026-06-14 18:44:07+00:00,2026-06-14 18:49:01+00:00,294.0,0.0102040815979453,3,-0.3472502576337127,HIGH,89.50417507729011,Production Anomaly,egauge90773,i51
2026-06-14,634,2026-06-14 18:56:26+00:00,2026-06-14 18:56:26+00:00,0.0,1000000.0,1,-0.3484379018863872,HIGH,0.5045313705659162,Production Anomaly,egauge90773,i51
2026-06-14,635,2026-06-14 19:17:06+00:00,2026-06-14 19:19:26+00:00,140.0,0.0214285712755102,3,-0.3484379018863872,HIGH,43.30453137056592,Production Anomaly,egauge90773,i51
2026-06-14,636,2026-06-14 19:27:36+00:00,2026-06-14 19:32:46+00:00,310.0,0.0096774193236212,3,-0.3484379018863872,HIGH,94.30453137056593,Production Anomaly,egauge90773,i51
2026-06-14,637,2026-06-14 19:39:36+00:00,2026-06-14 20:00:51+00:00,1275.0,0.0133333333228758,17,-0.3491314630295673,HIGH,389.4047394389089,Production Anomaly,egauge90773,i51
2026-06-14,638,2026-06-14 20:06:56+00:00,2026-06-14 20:06:56+00:00,0.0,1000000.0,1,-0.3475470127497515,HIGH,0.5042641038249255,Production Anomaly,egauge90773,i51
2026-06-14,639,2026-06-14 20:14:11+00:00,2026-06-14 20:22:51+00:00,520.0,0.0096153845968934,5,-0.3482398456297474,HIGH,158.10447195368891,Production Anomaly,egauge90773,i51
2026-06-14,640,2026-06-14 20:34:36+00:00,2026-06-14 20:40:05+00:00,329.0,0.0151975683428645,5,-0.3482398456297474,HIGH,100.80447195368892,Production Anomaly,egauge90773,i51
2026-06-14,641,2026-06-14 20:47:00+00:00,2026-06-14 20:53:20+00:00,380.0,0.0105263157617728,4,-0.3484379018863872,HIGH,115.70453137056592,Production Anomaly,egauge90773,i51
2026-06-14,642,2026-06-14 21:00:40+00:00,2026-06-14 21:00:40+00:00,0.0,1000000.0,1,-0.3482398456297474,HIGH,0.5044719536889243,Production Anomaly,egauge90773,i51
2026-06-14,643,2026-06-14 22:06:50+00:00,2026-06-14 22:15:06+00:00,496.0,0.0080645161127731,4,-0.3484379018863872,HIGH,150.5045313705659,Production Anomaly,egauge90773,i51
2026-06-14,644,2026-06-14 22:27:59+00:00,2026-06-14 22:32:15+00:00,256.0,0.0117187499542236,3,-0.3475470127497515,HIGH,78.10426410382493,Production Anomaly,egauge90773,i51
2026-06-14,645,2026-06-14 22:42:44+00:00,2026-06-14 22:46:54+00:00,250.0,0.007999999968,2,-0.3484379018863872,HIGH,75.90453137056592,Production Anomaly,egauge90773,i51
2026-06-14,646,2026-06-14 22:54:24+00:00,2026-06-14 23:12:39+00:00,1095.0,0.0100456620912825,11,-0.3486360043873541,HIGH,333.00459080131617,Production Anomaly,egauge90773,i51
2026-06-14,647,2026-06-14 23:20:54+00:00,2026-06-14 23:20:54+00:00,0.0,1000000.0,1,-0.3484379018863872,HIGH,0.5045313705659162,Production Anomaly,egauge90773,i51
2026-06-14,648,2026-06-14 23:44:09+00:00,2026-06-14 23:57:24+00:00,795.0,0.012578616336379,10,-0.3486360043873541,HIGH,242.6045908013162,Production Anomaly,egauge90773,i51
2026-06-15,649,2026-06-15 00:03:24+00:00,2026-06-15 00:28:23+00:00,1499.0,0.0080053368859203,12,-0.3484379018863872,HIGH,454.6045313705659,Production Anomaly,egauge90773,i51
2026-06-15,650,2026-06-15 00:39:58+00:00,2026-06-15 00:47:23+00:00,445.0,0.0089887640247443,4,-0.3475470127497515,HIGH,135.20426410382493,Production Anomaly,egauge90773,i51
2026-06-15,651,2026-06-15 01:22:43+00:00,2026-06-15 01:46:58+00:00,1455.0,0.006185567006058,9,-0.3486360043873541,HIGH,440.2045908013162,Production Anomaly,egauge90773,i51
2026-06-15,652,2026-06-15 02:06:15+00:00,2026-06-15 02:17:03+00:00,648.0,0.0092592592449702,6,-0.3475470127497515,HIGH,196.9042641038249,Production Anomaly,egauge90773,i51
2026-06-15,653,2026-06-15 02:23:32+00:00,2026-06-15 02:27:27+00:00,235.0,0.0170212765233137,4,-0.3475470127497515,HIGH,72.20426410382493,Production Anomaly,egauge90773,i51
2026-06-15,654,2026-06-15 02:34:02+00:00,2026-06-15 02:41:37+00:00,455.0,0.0065934065789155,3,-0.3484379018863872,HIGH,137.8045313705659,Production Anomaly,egauge90773,i51
2026-06-15,655,2026-06-15 02:52:47+00:00,2026-06-15 03:20:37+00:00,1670.0,0.0071856287382121,12,-0.3488341531434455,HIGH,505.9046502459431,Production Anomaly,egauge90773,i51
2026-06-15,656,2026-06-15 03:27:17+00:00,2026-06-15 03:29:42+00:00,145.0,0.0206896550297265,3,-0.3482398456297474,HIGH,44.804471953688925,Production Anomaly,egauge90773,i51
2026-06-15,657,2026-06-15 03:37:07+00:00,2026-06-15 03:43:47+00:00,400.0,0.00749999998125,3,-0.3482398456297474,HIGH,121.30447195368892,Production Anomaly,egauge90773,i51
2026-06-15,658,2026-06-15 03:59:06+00:00,2026-06-15 04:01:11+00:00,125.0,0.015999999872,2,-0.3473491644590301,HIGH,38.40420474933771,Production Anomaly,egauge90773,i51
2026-06-15,659,2026-06-15 04:08:07+00:00,2026-06-15 04:14:31+00:00,384.0,0.0078124999796549,3,-0.3475470127497515,HIGH,116.50426410382492,Production Anomaly,egauge90773,i51
2026-06-15,660,2026-06-15 04:21:26+00:00,2026-06-15 04:29:01+00:00,455.0,0.0109890109648593,5,-0.3482398456297474,HIGH,138.60447195368891,Production Anomaly,egauge90773,i51
2026-06-15,661,2026-06-15 04:48:26+00:00,2026-06-15 04:48:26+00:00,0.0,1000000.0,1,-0.3470524786164258,HIGH,0.5041157435849277,Production Anomaly,egauge90773,i51
2026-06-15,662,2026-06-15 04:56:16+00:00,2026-06-15 04:57:16+00:00,60.0,0.0333333327777777,2,-0.3484379018863872,HIGH,18.90453137056592,Production Anomaly,egauge90773,i51
2026-06-15,663,2026-06-15 05:04:06+00:00,2026-06-15 05:16:11+00:00,725.0,0.0068965517146254,5,-0.3475470127497515,HIGH,219.60426410382493,Production Anomaly,egauge90773,i51
2026-06-15,664,2026-06-15 05:23:51+00:00,2026-06-15 05:37:16+00:00,805.0,0.0086956521631109,7,-0.3482398456297474,HIGH,244.40447195368893,Production Anomaly,egauge90773,i51
2026-06-15,665,2026-06-15 05:56:11+00:00,2026-06-15 06:14:55+00:00,1124.0,0.0088967971451096,10,-0.3475470127497515,HIGH,341.3042641038249,Production Anomaly,egauge90773,i51
2026-06-15,666,2026-06-15 06:22:50+00:00,2026-06-15 06:22:50+00:00,0.0,1000000.0,1,-0.3473491644590301,HIGH,0.5042047493377091,Production Anomaly,egauge90773,i51
2026-06-15,667,2026-06-15 06:30:30+00:00,2026-06-15 06:51:25+00:00,1255.0,0.011155378477167,14,-0.3486360043873541,HIGH,382.2045908013162,Production Anomaly,egauge90773,i51
2026-06-15,668,2026-06-15 06:58:15+00:00,2026-06-15 06:58:15+00:00,0.0,1000000.0,1,-0.3486360043873541,HIGH,0.5045908013162063,Production Anomaly,egauge90773,i51
2026-06-15,669,2026-06-15 07:05:15+00:00,2026-06-15 07:09:25+00:00,250.0,0.011999999952,3,-0.3488341531434455,HIGH,76.30465024594304,Production Anomaly,egauge90773,i51
2026-06-15,670,2026-06-15 07:15:45+00:00,2026-06-15 07:25:35+00:00,590.0,0.0101694915081873,6,-0.3482398456297474,HIGH,179.50447195368892,Production Anomaly,egauge90773,i51
2026-06-15,671,2026-06-15 07:31:50+00:00,2026-06-15 07:46:04+00:00,854.0,0.0070257611158948,6,-0.3475470127497515,HIGH,258.70426410382487,Production Anomaly,egauge90773,i51
2026-06-15,672,2026-06-15 07:59:50+00:00,2026-06-15 08:10:09+00:00,619.0,0.006462035530756,4,-0.3475470127497515,HIGH,187.4042641038249,Production Anomaly,egauge90773,i51
2026-06-15,673,2026-06-15 08:17:04+00:00,2026-06-15 08:17:24+00:00,20.0,0.0999999950000002,2,-0.3484379018863872,HIGH,6.904531370565916,Production Anomaly,egauge90773,i51
2026-06-15,674,2026-06-15 08:26:24+00:00,2026-06-15 08:28:04+00:00,100.0,0.0199999998,2,-0.3486360043873541,HIGH,30.904590801316207,Production Anomaly,egauge90773,i51
2026-06-15,675,2026-06-15 09:25:40+00:00,2026-06-15 09:25:41+00:00,1.0,1.999998000002,2,-0.357798896796661,HIGH,1.2073396690389984,Production Anomaly,egauge90773,i51
2026-06-15,676,2026-06-15 09:32:36+00:00,2026-06-15 09:36:54+00:00,258.0,0.0155038759088997,4,-0.3488341531434455,HIGH,79.10465024594302,Production Anomaly,egauge90773,i51
2026-06-15,677,2026-06-15 09:53:08+00:00,2026-06-15 09:55:43+00:00,155.0,0.0129032257232049,2,-0.3472502576337127,HIGH,47.40417507729011,Production Anomaly,egauge90773,i51
2026-06-15,678,2026-06-15 10:03:33+00:00,2026-06-15 10:07:03+00:00,210.0,0.009523809478458,2,-0.3475470127497515,HIGH,63.90426410382492,Production Anomaly,egauge90773,i51
2026-06-15,679,2026-06-15 10:13:18+00:00,2026-06-15 10:26:08+00:00,770.0,0.0064935064850733,5,-0.3484379018863872,HIGH,233.10453137056592,Production Anomaly,egauge90773,i51
2026-06-15,680,2026-06-15 10:33:58+00:00,2026-06-15 10:35:18+00:00,80.0,0.0249999996875,2,-0.3491314630295673,HIGH,24.90473943890887,Production Anomaly,egauge90773,i51
2026-06-15,681,2026-06-15 10:46:58+00:00,2026-06-15 10:49:28+00:00,150.0,0.0266666664888888,4,-0.3484379018863872,HIGH,46.70453137056592,Production Anomaly,egauge90773,i51
2026-06-15,682,2026-06-15 10:56:28+00:00,2026-06-15 10:57:08+00:00,40.0,0.04999999875,2,-0.3475470127497515,HIGH,12.904264103824929,Production Anomaly,egauge90773,i51
2026-06-15,683,2026-06-15 11:07:19+00:00,2026-06-15 11:07:19+00:00,0.0,1000000.0,1,-0.3475470127497515,HIGH,0.5042641038249255,Production Anomaly,egauge90773,i51
2026-06-15,684,2026-06-15 11:19:38+00:00,2026-06-15 11:19:38+00:00,0.0,1000000.0,1,-0.3472502576337127,HIGH,0.5041750772901139,Production Anomaly,egauge90773,i51
2026-06-15,685,2026-06-15 11:39:08+00:00,2026-06-15 11:49:42+00:00,634.0,0.0094637223825493,6,-0.3484379018863872,HIGH,192.70453137056592,Production Anomaly,egauge90773,i51
2026-06-15,686,2026-06-15 11:56:37+00:00,2026-06-15 11:58:52+00:00,135.0,0.0222222220576131,3,-0.3484379018863872,HIGH,41.80453137056592,Production Anomaly,egauge90773,i51
2026-06-15,687,2026-06-15 12:05:37+00:00,2026-06-15 13:07:12+00:00,3695.0,0.0083897158299351,31,-0.3486360043873541,HIGH,1121.0045908013162,Production Anomaly,egauge90773,i51
2026-06-15,688,2026-06-15 13:42:17+00:00,2026-06-15 13:47:46+00:00,329.0,0.0091185410057187,3,-0.3475470127497515,HIGH,100.00426410382494,Production Anomaly,egauge90773,i51
2026-06-15,689,2026-06-15 13:56:26+00:00,2026-06-15 14:02:01+00:00,335.0,0.01194029847182,4,-0.3484379018863872,HIGH,102.20453137056592,Production Anomaly,egauge90773,i51
2026-06-15,690,2026-06-15 17:44:33+00:00,2026-06-15 17:48:15+00:00,222.0,0.0225225224210697,5,-0.356498162600653,HIGH,68.7069494487802,Production Anomaly,egauge90773,i51
2026-06-15,691,2026-06-15 18:12:39+00:00,2026-06-15 18:23:49+00:00,670.0,0.0119402984896413,8,-0.3491314630295673,HIGH,204.30473943890885,Production Anomaly,egauge90773,i51
2026-06-15,692,2026-06-15 18:30:00+00:00,2026-06-15 18:35:59+00:00,359.0,0.033426183750902,12,-0.3484379018863872,HIGH,112.60453137056592,Production Anomaly,egauge90773,i51
2026-06-15,693,2026-06-15 18:42:09+00:00,2026-06-15 18:43:54+00:00,105.0,0.0190476188662131,2,-0.3482398456297474,HIGH,32.40447195368892,Production Anomaly,egauge90773,i51
2026-06-15,694,2026-06-15 18:49:49+00:00,2026-06-15 18:57:34+00:00,465.0,0.0107526881489189,5,-0.3482398456297474,HIGH,141.60447195368891,Production Anomaly,egauge90773,i51
2026-06-15,695,2026-06-15 19:04:34+00:00,2026-06-15 19:08:19+00:00,225.0,0.0088888888493827,2,-0.3473491644590301,HIGH,68.40420474933771,Production Anomaly,egauge90773,i51
2026-06-15,696,2026-06-15 19:14:33+00:00,2026-06-15 19:19:43+00:00,310.0,0.0064516128824141,2,-0.3475470127497515,HIGH,93.90426410382491,Production Anomaly,egauge90773,i51
2026-06-15,697,2026-06-15 19:41:28+00:00,2026-06-15 20:00:08+00:00,1120.0,0.0142857142729591,16,-0.3491314630295673,HIGH,342.50473943890887,Production Anomaly,egauge90773,i51
2026-06-15,698,2026-06-15 20:15:03+00:00,2026-06-15 20:15:03+00:00,0.0,1000000.0,1,-0.3484379018863872,HIGH,0.5045313705659162,Production Anomaly,egauge90773,i51
2026-06-15,699,2026-06-15 20:25:55+00:00,2026-06-15 20:31:53+00:00,358.0,0.0111731843263318,4,-0.3491314630295673,HIGH,109.10473943890884,Production Anomaly,egauge90773,i51
2026-06-15,700,2026-06-15 20:39:33+00:00,2026-06-15 20:39:33+00:00,0.0,1000000.0,1,-0.3473491644590301,HIGH,0.5042047493377091,Production Anomaly,egauge90773,i51
2026-06-15,701,2026-06-15 20:46:28+00:00,2026-06-15 20:51:43+00:00,315.0,0.0190476189871504,6,-0.3484379018863872,HIGH,97.00453137056591,Production Anomaly,egauge90773,i51
2026-06-15,702,2026-06-15 20:57:43+00:00,2026-06-15 20:59:07+00:00,84.0,0.0238095235260771,2,-0.3472502576337127,HIGH,26.104175077290115,Production Anomaly,egauge90773,i51
2026-06-15,703,2026-06-15 22:10:22+00:00,2026-06-15 22:20:37+00:00,615.0,0.009756097545112,6,-0.3486360043873541,HIGH,187.0045908013162,Production Anomaly,egauge90773,i51
2026-06-15,704,2026-06-15 22:27:37+00:00,2026-06-15 22:27:37+00:00,0.0,1000000.0,1,-0.3482398456297474,HIGH,0.5044719536889243,Production Anomaly,egauge90773,i51
2026-06-15,705,2026-06-15 22:34:12+00:00,2026-06-15 22:38:52+00:00,280.0,0.0071428571173469,2,-0.3472502576337127,HIGH,84.9041750772901,Production Anomaly,egauge90773,i51
2026-06-15,706,2026-06-15 22:45:02+00:00,2026-06-15 22:48:07+00:00,185.0,0.0108108107523739,2,-0.3472502576337127,HIGH,56.40417507729011,Production Anomaly,egauge90773,i51
2026-06-15,707,2026-06-15 22:57:47+00:00,2026-06-15 23:03:16+00:00,329.0,0.0060790273371458,2,-0.3475470127497515,HIGH,99.60426410382492,Production Anomaly,egauge90773,i51
2026-06-15,708,2026-06-15 23:19:16+00:00,2026-06-15 23:27:26+00:00,490.0,0.012244897934194,6,-0.3487350729828342,HIGH,149.50462052189485,Production Anomaly,egauge90773,i51
2026-06-15,709,2026-06-15 23:34:06+00:00,2026-06-15 23:40:56+00:00,410.0,0.0073170731528851,3,-0.3491314630295673,HIGH,124.30473943890888,Production Anomaly,egauge90773,i51
2026-06-15,710,2026-06-15 23:47:06+00:00,2026-06-15 23:53:46+00:00,400.0,0.00749999998125,3,-0.3486360043873541,HIGH,121.3045908013162,Production Anomaly,egauge90773,i51
2026-06-16,711,2026-06-16 00:03:01+00:00,2026-06-16 00:09:16+00:00,375.0,0.0079999999786666,3,-0.3486360043873541,HIGH,113.8045908013162,Production Anomaly,egauge90773,i51
2026-06-16,712,2026-06-16 00:19:46+00:00,2026-06-16 00:21:51+00:00,125.0,0.031999999744,4,-0.3484379018863872,HIGH,39.20453137056592,Production Anomaly,egauge90773,i51
2026-06-16,713,2026-06-16 00:32:06+00:00,2026-06-16 00:36:31+00:00,265.0,0.0113207546742613,3,-0.3476459542178515,HIGH,80.80429378626536,Production Anomaly,egauge90773,i51
2026-06-16,714,2026-06-16 00:51:36+00:00,2026-06-16 01:02:00+00:00,624.0,0.0080128204999794,5,-0.3475470127497515,HIGH,189.3042641038249,Production Anomaly,egauge90773,i51
2026-06-16,715,2026-06-16 01:10:50+00:00,2026-06-16 01:58:00+00:00,2830.0,0.0081272084776935,23,-0.3486360043873541,HIGH,858.3045908013163,Production Anomaly,egauge90773,i51
2026-06-16,716,2026-06-16 02:03:55+00:00,2026-06-16 02:40:19+00:00,2184.0,0.0091575091533161,20,-0.3486360043873541,HIGH,663.3045908013162,Production Anomaly,egauge90773,i51
2026-06-16,717,2026-06-16 02:55:19+00:00,2026-06-16 02:55:19+00:00,0.0,1000000.0,1,-0.3475470127497515,HIGH,0.5042641038249255,Production Anomaly,egauge90773,i51
2026-06-16,718,2026-06-16 05:17:28+00:00,2026-06-16 05:21:03+00:00,215.0,0.0186046510762574,4,-0.3486360043873541,HIGH,66.2045908013162,Production Anomaly,egauge90773,i51
2026-06-16,719,2026-06-16 05:27:53+00:00,2026-06-16 05:50:03+00:00,1330.0,0.0097744360828763,13,-0.3488341531434455,HIGH,404.30465024594304,Production Anomaly,egauge90773,i51
2026-06-16,720,2026-06-16 05:56:08+00:00,2026-06-16 05:56:08+00:00,0.0,1000000.0,1,-0.3475470127497515,HIGH,0.5042641038249255,Production Anomaly,egauge90773,i51
2026-06-16,721,2026-06-16 06:02:23+00:00,2026-06-16 06:05:58+00:00,215.0,0.0186046510762574,4,-0.3482398456297474,HIGH,66.20447195368892,Production Anomaly,egauge90773,i51
2026-06-16,722,2026-06-16 06:17:02+00:00,2026-06-16 06:28:12+00:00,670.0,0.0074626865560258,5,-0.3472502576337127,HIGH,203.1041750772901,Production Anomaly,egauge90773,i51
2026-06-16,723,2026-06-16 06:38:37+00:00,2026-06-16 07:05:47+00:00,1630.0,0.0085889570499454,14,-0.3486360043873541,HIGH,494.7045908013162,Production Anomaly,egauge90773,i51
2026-06-16,724,2026-06-16 07:12:27+00:00,2026-06-16 07:13:07+00:00,40.0,0.074999998125,3,-0.3486360043873541,HIGH,13.304590801316206,Production Anomaly,egauge90773,i51
2026-06-16,725,2026-06-16 07:20:12+00:00,2026-06-16 07:20:32+00:00,20.0,0.0999999950000002,2,-0.3486360043873541,HIGH,6.904590801316206,Production Anomaly,egauge90773,i51
2026-06-16,726,2026-06-16 07:26:57+00:00,2026-06-16 07:37:12+00:00,615.0,0.009756097545112,6,-0.3488341531434455,HIGH,187.00465024594305,Production Anomaly,egauge90773,i51
2026-06-16,727,2026-06-16 07:45:52+00:00,2026-06-16 07:53:32+00:00,460.0,0.006521739116257,3,-0.3484379018863872,HIGH,139.3045313705659,Production Anomaly,egauge90773,i51
2026-06-16,728,2026-06-16 08:01:52+00:00,2026-06-16 08:07:22+00:00,330.0,0.0060606060422405,2,-0.3472502576337127,HIGH,99.9041750772901,Production Anomaly,egauge90773,i51
2026-06-16,729,2026-06-16 08:14:42+00:00,2026-06-16 08:16:37+00:00,115.0,0.0173913041965973,2,-0.3473491644590301,HIGH,35.40420474933771,Production Anomaly,egauge90773,i51
2026-06-16,730,2026-06-16 08:26:41+00:00,2026-06-16 08:27:07+00:00,26.0,0.0769230739644971,2,-0.3473491644590301,HIGH,8.704204749337709,Production Anomaly,egauge90773,i51
2026-06-16,731,2026-06-16 08:35:16+00:00,2026-06-16 08:35:16+00:00,0.0,1000000.0,1,-0.3475470127497515,HIGH,0.5042641038249255,Production Anomaly,egauge90773,i51
2026-06-16,732,2026-06-16 08:51:56+00:00,2026-06-16 08:54:36+00:00,160.0,0.0187499998828125,3,-0.3487350729828342,HIGH,49.30462052189485,Production Anomaly,egauge90773,i51
2026-06-16,733,2026-06-16 09:04:16+00:00,2026-06-16 09:04:16+00:00,0.0,1000000.0,1,-0.3475470127497515,HIGH,0.5042641038249255,Production Anomaly,egauge90773,i51
2026-06-16,734,2026-06-16 09:17:31+00:00,2026-06-16 09:18:16+00:00,45.0,0.0444444434567901,2,-0.3484379018863872,HIGH,14.404531370565916,Production Anomaly,egauge90773,i51
2026-06-16,735,2026-06-16 09:25:36+00:00,2026-06-16 09:43:16+00:00,1060.0,0.0094339622552509,10,-0.3488341531434455,HIGH,322.10465024594305,Production Anomaly,egauge90773,i51
2026-06-16,736,2026-06-16 09:52:07+00:00,2026-06-16 09:52:07+00:00,0.0,1000000.0,1,-0.3472502576337127,HIGH,0.5041750772901139,Production Anomaly,egauge90773,i51
2026-06-16,737,2026-06-16 10:29:00+00:00,2026-06-16 10:29:00+00:00,0.0,1000000.0,1,-0.3475470127497515,HIGH,0.5042641038249255,Production Anomaly,egauge90773,i51
2026-06-16,738,2026-06-16 10:35:01+00:00,2026-06-16 10:35:01+00:00,0.0,1000000.0,1,-0.3475470127497515,HIGH,0.5042641038249255,Production Anomaly,egauge90773,i51
2026-06-16,739,2026-06-16 10:48:25+00:00,2026-06-16 10:56:45+00:00,500.0,0.011999999976,6,-0.3486360043873541,HIGH,152.5045908013162,Production Anomaly,egauge90773,i51
2026-06-16,740,2026-06-16 11:09:15+00:00,2026-06-16 11:17:45+00:00,510.0,0.009803921549404,5,-0.3484379018863872,HIGH,155.10453137056592,Production Anomaly,egauge90773,i51
2026-06-16,741,2026-06-16 11:26:55+00:00,2026-06-16 11:26:55+00:00,0.0,1000000.0,1,-0.3475470127497515,HIGH,0.5042641038249255,Production Anomaly,egauge90773,i51
2026-06-16,742,2026-06-16 11:35:00+00:00,2026-06-16 11:37:15+00:00,135.0,0.0148148147050754,2,-0.3475470127497515,HIGH,41.40426410382492,Production Anomaly,egauge90773,i51
2026-06-16,743,2026-06-16 11:43:55+00:00,2026-06-16 11:46:15+00:00,140.0,0.0142857141836734,2,-0.3475470127497515,HIGH,42.90426410382492,Production Anomaly,egauge90773,i51
2026-06-16,744,2026-06-16 12:04:19+00:00,2026-06-16 12:04:19+00:00,0.0,1000000.0,1,-0.3475470127497515,HIGH,0.5042641038249255,Production Anomaly,egauge90773,i51
2026-06-16,745,2026-06-16 12:10:14+00:00,2026-06-16 12:15:09+00:00,295.0,0.0101694914909508,3,-0.3473491644590301,HIGH,89.80420474933771,Production Anomaly,egauge90773,i51
2026-06-16,746,2026-06-16 12:24:09+00:00,2026-06-16 12:29:04+00:00,295.0,0.0067796609939672,2,-0.3475470127497515,HIGH,89.40426410382493,Production Anomaly,egauge90773,i51
2026-06-16,747,2026-06-16 12:40:34+00:00,2026-06-16 12:50:54+00:00,620.0,0.0080645161160249,5,-0.3499247985950596,HIGH,188.1049774395785,Production Anomaly,egauge90773,i51
2026-06-16,748,2026-06-16 12:56:49+00:00,2026-06-16 13:10:34+00:00,825.0,0.0096969696852157,8,-0.3486360043873541,HIGH,250.80459080131612,Production Anomaly,egauge90773,i51
2026-06-16,749,2026-06-16 13:16:49+00:00,2026-06-16 13:17:19+00:00,30.0,0.0666666644444445,2,-0.3473491644590301,HIGH,9.90420474933771,Production Anomaly,egauge90773,i51
2026-06-16,750,2026-06-16 13:23:14+00:00,2026-06-16 13:34:04+00:00,650.0,0.0076923076804733,5,-0.3476459542178515,HIGH,197.1042937862653,Production Anomaly,egauge90773,i51
2026-06-16,751,2026-06-16 13:59:43+00:00,2026-06-16 14:06:58+00:00,435.0,0.0091954022777117,4,-0.3482398456297474,HIGH,132.2044719536889,Production Anomaly,egauge90773,i51
2026-06-16,752,2026-06-16 14:15:48+00:00,2026-06-16 14:18:13+00:00,145.0,0.027586206706302,4,-0.3475470127497515,HIGH,45.204264103824926,Production Anomaly,egauge90773,i51
2026-06-16,753,2026-06-16 14:26:23+00:00,2026-06-16 14:26:23+00:00,0.0,1000000.0,1,-0.3475470127497515,HIGH,0.5042641038249255,Production Anomaly,egauge90773,i51
2026-06-16,754,2026-06-16 14:34:18+00:00,2026-06-16 14:40:28+00:00,370.0,0.0108108107815924,4,-0.3486360043873541,HIGH,112.7045908013162,Production Anomaly,egauge90773,i51
2026-06-16,755,2026-06-16 14:46:58+00:00,2026-06-16 14:57:13+00:00,615.0,0.0081300812875933,5,-0.3486360043873541,HIGH,186.6045908013162,Production Anomaly,egauge90773,i51
2026-06-17,756,2026-06-17 02:56:08+00:00,2026-06-17 03:03:46+00:00,458.0,0.0109170305438492,5,-0.3528068584921375,HIGH,139.50584205754765,Production Anomaly,egauge90773,i51
2026-06-17,757,2026-06-17 03:12:16+00:00,2026-06-17 03:12:16+00:00,0.0,1000000.0,1,-0.3470524786164258,HIGH,0.5041157435849277,Production Anomaly,egauge90773,i51
2026-06-17,758,2026-06-17 03:20:56+00:00,2026-06-17 03:51:11+00:00,1815.0,0.0066115702442911,12,-0.3487350729828342,HIGH,549.4046205218948,Production Anomaly,egauge90773,i51
2026-06-17,759,2026-06-17 04:03:36+00:00,2026-06-17 04:07:01+00:00,205.0,0.0195121950267697,4,-0.3486360043873541,HIGH,63.20459080131621,Production Anomaly,egauge90773,i51
2026-06-17,760,2026-06-17 04:23:11+00:00,2026-06-17 04:26:26+00:00,195.0,0.0102564102038132,2,-0.3484379018863872,HIGH,59.40453137056591,Production Anomaly,egauge90773,i51
2026-06-17,761,2026-06-17 04:44:16+00:00,2026-06-17 04:44:16+00:00,0.0,1000000.0,1,-0.3475470127497515,HIGH,0.5042641038249255,Production Anomaly,egauge90773,i51
2026-06-17,762,2026-06-17 04:59:36+00:00,2026-06-17 05:05:01+00:00,325.0,0.0061538461349112,2,-0.3484379018863872,HIGH,98.40453137056592,Production Anomaly,egauge90773,i51
2026-06-17,763,2026-06-17 05:12:45+00:00,2026-06-17 05:15:25+00:00,160.0,0.012499999921875,2,-0.3484379018863872,HIGH,48.90453137056591,Production Anomaly,egauge90773,i51
2026-06-17,764,2026-06-17 05:23:25+00:00,2026-06-17 05:34:15+00:00,650.0,0.009230769216568,6,-0.3484379018863872,HIGH,197.504531370566,Production Anomaly,egauge90773,i51
2026-06-17,765,2026-06-17 05:42:55+00:00,2026-06-17 06:00:40+00:00,1065.0,0.0103286384879543,11,-0.3486360043873541,HIGH,324.00459080131617,Production Anomaly,egauge90773,i51
2026-06-17,766,2026-06-17 06:08:05+00:00,2026-06-17 06:10:30+00:00,145.0,0.0344827583828775,5,-0.3488341531434455,HIGH,45.60465024594304,Production Anomaly,egauge90773,i51
2026-06-17,767,2026-06-17 06:18:30+00:00,2026-06-17 06:28:30+00:00,600.0,0.0049999999916666,3,-0.3482398456297474,HIGH,181.3044719536889,Production Anomaly,egauge90773,i51
2026-06-17,768,2026-06-17 06:34:40+00:00,2026-06-17 06:34:40+00:00,0.0,1000000.0,1,-0.3473491644590301,HIGH,0.5042047493377091,Production Anomaly,egauge90773,i51
2026-06-17,769,2026-06-17 06:42:19+00:00,2026-06-17 06:50:50+00:00,511.0,0.0097847357929848,5,-0.3475470127497515,HIGH,155.40426410382491,Production Anomaly,egauge90773,i51
2026-06-17,770,2026-06-17 06:56:54+00:00,2026-06-17 06:56:54+00:00,0.0,1000000.0,1,-0.3473491644590301,HIGH,0.5042047493377091,Production Anomaly,egauge90773,i51
2026-06-17,771,2026-06-17 07:06:59+00:00,2026-06-17 07:09:54+00:00,175.0,0.0114285713632653,2,-0.3475470127497515,HIGH,53.40426410382492,Production Anomaly,egauge90773,i51
2026-06-17,772,2026-06-17 07:18:39+00:00,2026-06-17 07:30:34+00:00,715.0,0.0083916083798718,6,-0.3486360043873541,HIGH,217.0045908013162,Production Anomaly,egauge90773,i51
2026-06-17,773,2026-06-17 07:40:14+00:00,2026-06-17 08:02:49+00:00,1355.0,0.0095940959338788,13,-0.3488341531434455,HIGH,411.80465024594304,Production Anomaly,egauge90773,i51
2026-06-17,774,2026-06-17 08:10:49+00:00,2026-06-17 08:34:04+00:00,1395.0,0.0093189964090903,13,-0.3475470127497515,HIGH,423.8042641038249,Production Anomaly,egauge90773,i51
2026-06-17,775,2026-06-17 08:41:38+00:00,2026-06-17 08:49:08+00:00,450.0,0.0066666666518518,3,-0.3473491644590301,HIGH,136.30420474933769,Production Anomaly,egauge90773,i51
2026-06-17,776,2026-06-17 09:00:58+00:00,2026-06-17 09:00:58+00:00,0.0,1000000.0,1,-0.3473491644590301,HIGH,0.5042047493377091,Production Anomaly,egauge90773,i51
2026-06-17,777,2026-06-17 09:07:08+00:00,2026-06-17 09:09:14+00:00,126.0,0.0158730157470395,2,-0.3475470127497515,HIGH,38.70426410382492,Production Anomaly,egauge90773,i51
2026-06-17,778,2026-06-17 09:15:13+00:00,2026-06-17 09:27:19+00:00,726.0,0.0082644627985337,6,-0.3486360043873541,HIGH,220.30459080131612,Production Anomaly,egauge90773,i51
2026-06-17,779,2026-06-17 09:35:48+00:00,2026-06-17 09:43:53+00:00,485.0,0.0061855669975555,3,-0.3478438718062708,HIGH,146.80435316154188,Production Anomaly,egauge90773,i51
2026-06-17,780,2026-06-17 09:50:28+00:00,2026-06-17 09:57:43+00:00,435.0,0.0114942528471396,5,-0.3484379018863872,HIGH,132.60453137056592,Production Anomaly,egauge90773,i51
2026-06-17,781,2026-06-17 10:06:18+00:00,2026-06-17 10:08:08+00:00,110.0,0.0181818180165289,2,-0.3475470127497515,HIGH,33.90426410382492,Production Anomaly,egauge90773,i51
2026-06-17,782,2026-06-17 10:17:23+00:00,2026-06-17 10:28:58+00:00,695.0,0.005755395675172,4,-0.3475470127497515,HIGH,210.20426410382493,Production Anomaly,egauge90773,i51
2026-06-17,783,2026-06-17 10:53:07+00:00,2026-06-17 11:18:47+00:00,1540.0,0.0103896103828638,16,-0.3487350729828342,HIGH,468.5046205218948,Production Anomaly,egauge90773,i51
2026-06-17,784,2026-06-17 11:25:32+00:00,2026-06-17 11:40:07+00:00,875.0,0.0102857142739591,9,-0.3486360043873541,HIGH,266.2045908013162,Production Anomaly,egauge90773,i51
2026-06-17,785,2026-06-17 11:47:57+00:00,2026-06-17 11:50:47+00:00,170.0,0.0117647058131487,2,-0.3475470127497515,HIGH,51.90426410382492,Production Anomaly,egauge90773,i51
2026-06-17,786,2026-06-17 11:56:57+00:00,2026-06-17 12:02:27+00:00,330.0,0.0090909090633608,3,-0.3482398456297474,HIGH,100.30447195368892,Production Anomaly,egauge90773,i51
2026-06-17,787,2026-06-17 12:14:03+00:00,2026-06-17 12:14:03+00:00,0.0,1000000.0,1,-0.3472502576337127,HIGH,0.5041750772901139,Production Anomaly,egauge90773,i51
2026-06-17,788,2026-06-17 12:37:41+00:00,2026-06-17 12:38:51+00:00,70.0,0.0428571422448979,3,-0.3473491644590301,HIGH,22.304204749337707,Production Anomaly,egauge90773,i51
2026-06-17,789,2026-06-17 12:45:31+00:00,2026-06-17 13:38:21+00:00,3170.0,0.0075709779155927,24,-0.3486360043873541,HIGH,960.7045908013164,Production Anomaly,egauge90773,i51
2026-06-17,790,2026-06-17 13:46:36+00:00,2026-06-17 13:50:41+00:00,245.0,0.0122448979092045,3,-0.3475470127497515,HIGH,74.80426410382493,Production Anomaly,egauge90773,i51
2026-06-17,791,2026-06-17 14:00:36+00:00,2026-06-17 14:00:36+00:00,0.0,1000000.0,1,-0.3472502576337127,HIGH,0.5041750772901139,Production Anomaly,egauge90773,i51
2026-06-17,792,2026-06-17 14:09:46+00:00,2026-06-17 14:14:31+00:00,285.0,0.0070175438350261,2,-0.3472502576337127,HIGH,86.4041750772901,Production Anomaly,egauge90773,i51
2026-06-17,793,2026-06-17 14:23:45+00:00,2026-06-17 14:29:05+00:00,320.0,0.0062499999804687,2,-0.3484379018863872,HIGH,96.90453137056592,Production Anomaly,egauge90773,i51
2026-06-17,794,2026-06-17 14:37:06+00:00,2026-06-17 14:37:26+00:00,20.0,0.0999999950000002,2,-0.3473491644590301,HIGH,6.904204749337709,Production Anomaly,egauge90773,i51
2026-06-18,795,2026-06-18 03:00:51+00:00,2026-06-18 03:06:19+00:00,328.0,0.0091463414355294,3,-0.356498162600653,HIGH,99.7069494487802,Production Anomaly,egauge90773,i51
2026-06-18,796,2026-06-18 03:21:13+00:00,2026-06-18 03:27:49+00:00,396.0,0.0101010100755025,4,-0.3484379018863872,HIGH,120.50453137056591,Production Anomaly,egauge90773,i51
2026-06-18,797,2026-06-18 03:40:14+00:00,2026-06-18 03:42:03+00:00,109.0,0.018348623684875,2,-0.3488341531434455,HIGH,33.60465024594303,Production Anomaly,egauge90773,i51
2026-06-18,798,2026-06-18 03:49:08+00:00,2026-06-18 03:51:28+00:00,140.0,0.0214285712755102,3,-0.3475470127497515,HIGH,43.30426410382493,Production Anomaly,egauge90773,i51
2026-06-18,799,2026-06-18 03:59:53+00:00,2026-06-18 04:10:13+00:00,620.0,0.0064516128928199,4,-0.3484379018863872,HIGH,187.70453137056592,Production Anomaly,egauge90773,i51
2026-06-18,800,2026-06-18 04:44:53+00:00,2026-06-18 04:47:04+00:00,131.0,0.0152671754559757,2,-0.3484379018863872,HIGH,40.20453137056591,Production Anomaly,egauge90773,i51
2026-06-18,801,2026-06-18 04:58:43+00:00,2026-06-18 05:12:43+00:00,840.0,0.0059523809452947,5,-0.3482398456297474,HIGH,254.1044719536889,Production Anomaly,egauge90773,i51
2026-06-18,802,2026-06-18 05:22:13+00:00,2026-06-18 05:22:13+00:00,0.0,1000000.0,1,-0.3473491644590301,HIGH,0.5042047493377091,Production Anomaly,egauge90773,i51
2026-06-18,803,2026-06-18 05:29:33+00:00,2026-06-18 05:31:42+00:00,129.0,0.0155038758488071,2,-0.3475470127497515,HIGH,39.60426410382492,Production Anomaly,egauge90773,i51
2026-06-18,804,2026-06-18 05:39:27+00:00,2026-06-18 05:48:07+00:00,520.0,0.0115384615162721,6,-0.3475470127497515,HIGH,158.50426410382494,Production Anomaly,egauge90773,i51
2026-06-18,805,2026-06-18 05:58:52+00:00,2026-06-18 06:01:22+00:00,150.0,0.0199999998666666,3,-0.3491314630295673,HIGH,46.30473943890888,Production Anomaly,egauge90773,i51
2026-06-18,806,2026-06-18 06:08:27+00:00,2026-06-18 06:11:07+00:00,160.0,0.012499999921875,2,-0.3486360043873541,HIGH,48.9045908013162,Production Anomaly,egauge90773,i51
2026-06-18,807,2026-06-18 06:19:07+00:00,2026-06-18 06:26:17+00:00,430.0,0.0116279069497025,5,-0.3484379018863872,HIGH,131.10453137056592,Production Anomaly,egauge90773,i51
2026-06-18,808,2026-06-18 06:39:37+00:00,2026-06-18 06:46:27+00:00,410.0,0.0097560975371802,4,-0.3484379018863872,HIGH,124.70453137056592,Production Anomaly,egauge90773,i51
2026-06-18,809,2026-06-18 06:58:17+00:00,2026-06-18 07:15:07+00:00,1010.0,0.0059405940535241,6,-0.3482398456297474,HIGH,305.5044719536889,Production Anomaly,egauge90773,i51
2026-06-18,810,2026-06-18 07:30:51+00:00,2026-06-18 07:39:41+00:00,530.0,0.0075471697970808,4,-0.3475470127497515,HIGH,160.70426410382493,Production Anomaly,egauge90773,i51
2026-06-18,811,2026-06-18 07:55:01+00:00,2026-06-18 07:55:01+00:00,0.0,1000000.0,1,-0.3473491644590301,HIGH,0.5042047493377091,Production Anomaly,egauge90773,i51
2026-06-18,812,2026-06-18 08:05:31+00:00,2026-06-18 08:11:01+00:00,330.0,0.0151515151056014,5,-0.3486360043873541,HIGH,101.1045908013162,Production Anomaly,egauge90773,i51
2026-06-18,813,2026-06-18 08:46:51+00:00,2026-06-18 08:54:30+00:00,459.0,0.0065359476981787,3,-0.3475470127497515,HIGH,139.0042641038249,Production Anomaly,egauge90773,i51
2026-06-18,814,2026-06-18 09:20:05+00:00,2026-06-18 09:24:05+00:00,240.0,0.0124999999479166,3,-0.3484379018863872,HIGH,73.30453137056593,Production Anomaly,egauge90773,i51
2026-06-18,815,2026-06-18 09:35:35+00:00,2026-06-18 09:52:35+00:00,1020.0,0.0117647058708189,12,-0.3491314630295673,HIGH,310.9047394389089,Production Anomaly,egauge90773,i51
2026-06-18,816,2026-06-18 10:04:25+00:00,2026-06-18 10:13:41+00:00,556.0,0.0107913668870658,6,-0.3488341531434455,HIGH,169.304650245943,Production Anomaly,egauge90773,i51
2026-06-18,817,2026-06-18 10:22:00+00:00,2026-06-18 10:30:25+00:00,505.0,0.0138613861111655,7,-0.3482398456297474,HIGH,154.40447195368893,Production Anomaly,egauge90773,i51
2026-06-18,818,2026-06-18 10:39:20+00:00,2026-06-18 10:43:40+00:00,260.0,0.0076923076627218,2,-0.3475470127497515,HIGH,78.90426410382493,Production Anomaly,egauge90773,i51
2026-06-18,819,2026-06-18 10:52:25+00:00,2026-06-18 10:53:34+00:00,69.0,0.028985506826297,2,-0.3472502576337127,HIGH,21.604175077290115,Production Anomaly,egauge90773,i51
2026-06-18,820,2026-06-18 11:02:39+00:00,2026-06-18 11:02:39+00:00,0.0,1000000.0,1,-0.3473491644590301,HIGH,0.5042047493377091,Production Anomaly,egauge90773,i51
2026-06-18,821,2026-06-18 11:08:39+00:00,2026-06-18 11:25:04+00:00,985.0,0.0142131979551135,14,-0.3484379018863872,HIGH,301.2045313705659,Production Anomaly,egauge90773,i51
2026-06-18,822,2026-06-18 11:36:54+00:00,2026-06-18 11:40:54+00:00,240.0,0.0124999999479166,3,-0.3486360043873541,HIGH,73.30459080131621,Production Anomaly,egauge90773,i51
2026-06-18,823,2026-06-18 11:56:39+00:00,2026-06-18 11:56:39+00:00,0.0,1000000.0,1,-0.3473491644590301,HIGH,0.5042047493377091,Production Anomaly,egauge90773,i51
2026-06-18,824,2026-06-18 12:10:09+00:00,2026-06-18 12:27:19+00:00,1030.0,0.0097087378546517,10,-0.3491314630295673,HIGH,313.1047394389089,Production Anomaly,egauge90773,i51
2026-06-18,825,2026-06-18 12:34:04+00:00,2026-06-18 12:38:54+00:00,290.0,0.0137931034007134,4,-0.3476459542178515,HIGH,88.70429378626535,Production Anomaly,egauge90773,i51
2026-06-18,826,2026-06-18 12:48:28+00:00,2026-06-18 12:58:25+00:00,597.0,0.0050251256197234,3,-0.3475470127497515,HIGH,180.4042641038249,Production Anomaly,egauge90773,i51
2026-06-18,827,2026-06-18 13:12:58+00:00,2026-06-18 13:50:58+00:00,2280.0,0.0078947368386426,18,-0.3486360043873541,HIGH,691.3045908013163,Production Anomaly,egauge90773,i51
2026-06-18,828,2026-06-18 13:57:03+00:00,2026-06-18 13:57:03+00:00,0.0,1000000.0,1,-0.3475470127497515,HIGH,0.5042641038249255,Production Anomaly,egauge90773,i51
2026-06-18,829,2026-06-18 14:03:53+00:00,2026-06-18 14:17:58+00:00,845.0,0.0071005917075732,6,-0.3486360043873541,HIGH,256.0045908013162,Production Anomaly,egauge90773,i51
2026-06-18,830,2026-06-18 14:24:02+00:00,2026-06-18 14:41:23+00:00,1041.0,0.0086455331329053,9,-0.3494288770504817,HIGH,316.0048286631152,Production Anomaly,egauge90773,i51
2026-06-18,831,2026-06-18 20:17:58+00:00,2026-06-18 20:21:30+00:00,212.0,0.0188679244393022,4,-0.356498162600653,HIGH,65.30694944878019,Production Anomaly,egauge90773,i51
2026-06-18,832,2026-06-18 20:29:04+00:00,2026-06-18 20:37:39+00:00,515.0,0.0097087378452257,5,-0.3476459542178515,HIGH,156.60429378626534,Production Anomaly,egauge90773,i51
2026-06-18,833,2026-06-18 20:48:54+00:00,2026-06-18 21:15:29+00:00,1595.0,0.0094043887088373,15,-0.3486360043873541,HIGH,484.6045908013162,Production Anomaly,egauge90773,i51
2026-06-18,834,2026-06-18 21:24:14+00:00,2026-06-18 21:38:39+00:00,865.0,0.0092485549026028,8,-0.3486360043873541,HIGH,262.8045908013162,Production Anomaly,egauge90773,i51
2026-06-18,835,2026-06-18 21:46:04+00:00,2026-06-18 21:49:09+00:00,185.0,0.0216216215047479,4,-0.3486360043873541,HIGH,57.20459080131621,Production Anomaly,egauge90773,i51
2026-06-18,836,2026-06-18 22:00:53+00:00,2026-06-18 22:20:49+00:00,1196.0,0.0075250836057482,9,-0.3484379018863872,HIGH,362.5045313705659,Production Anomaly,egauge90773,i51
2026-06-18,837,2026-06-18 22:31:39+00:00,2026-06-18 22:40:18+00:00,519.0,0.0134874758892341,7,-0.3482398456297474,HIGH,158.60447195368891,Production Anomaly,egauge90773,i51
2026-06-18,838,2026-06-18 22:46:38+00:00,2026-06-18 22:46:38+00:00,0.0,1000000.0,1,-0.3486360043873541,HIGH,0.5045908013162063,Production Anomaly,egauge90773,i51
2026-06-18,839,2026-06-18 22:57:18+00:00,2026-06-18 23:26:58+00:00,1780.0,0.0095505617923873,17,-0.3488341531434455,HIGH,540.904650245943,Production Anomaly,egauge90773,i51
2026-06-18,840,2026-06-18 23:41:18+00:00,2026-06-18 23:53:43+00:00,745.0,0.0107382550191432,8,-0.3486360043873541,HIGH,226.80459080131612,Production Anomaly,egauge90773,i51
2026-06-19,841,2026-06-19 00:04:48+00:00,2026-06-19 00:16:42+00:00,714.0,0.0098039215548964,7,-0.3475470127497515,HIGH,217.10426410382493,Production Anomaly,egauge90773,i51
2026-06-19,842,2026-06-19 00:57:17+00:00,2026-06-19 01:08:02+00:00,645.0,0.0093023255669731,6,-0.3486360043873541,HIGH,196.0045908013162,Production Anomaly,egauge90773,i51
2026-06-19,843,2026-06-19 01:38:02+00:00,2026-06-19 01:50:07+00:00,725.0,0.0082758620575505,6,-0.3482398456297474,HIGH,220.0044719536889,Production Anomaly,egauge90773,i51
2026-06-19,844,2026-06-19 02:01:51+00:00,2026-06-19 02:27:21+00:00,1530.0,0.0065359477081464,10,-0.3482398456297474,HIGH,463.1044719536889,Production Anomaly,egauge90773,i51
2026-06-20,845,2026-06-20 03:24:38+00:00,2026-06-20 03:36:20+00:00,702.0,0.0099715099573055,7,-0.3581995199776895,HIGH,213.5074598559933,Production Anomaly,egauge90773,i51
2026-06-20,846,2026-06-20 03:42:15+00:00,2026-06-20 03:46:20+00:00,245.0,0.0122448979092045,3,-0.3475470127497515,HIGH,74.80426410382493,Production Anomaly,egauge90773,i51
2026-06-20,847,2026-06-20 03:53:19+00:00,2026-06-20 03:54:04+00:00,45.0,0.0444444434567901,2,-0.3472502576337127,HIGH,14.404175077290114,Production Anomaly,egauge90773,i51
2026-06-20,848,2026-06-20 04:00:15+00:00,2026-06-20 04:01:39+00:00,84.0,0.0238095235260771,2,-0.3475470127497515,HIGH,26.104264103824924,Production Anomaly,egauge90773,i51
2026-06-20,849,2026-06-20 04:08:49+00:00,2026-06-20 04:19:34+00:00,645.0,0.0093023255669731,6,-0.3482398456297474,HIGH,196.0044719536889,Production Anomaly,egauge90773,i51
2026-06-20,850,2026-06-20 04:28:39+00:00,2026-06-20 04:50:39+00:00,1320.0,0.0098484848410238,13,-0.3487350729828342,HIGH,401.3046205218948,Production Anomaly,egauge90773,i51
2026-06-20,851,2026-06-20 05:18:34+00:00,2026-06-20 05:18:34+00:00,0.0,1000000.0,1,-0.3475470127497515,HIGH,0.5042641038249255,Production Anomaly,egauge90773,i51
2026-06-20,852,2026-06-20 05:31:53+00:00,2026-06-20 05:44:08+00:00,735.0,0.0081632652950159,6,-0.3475470127497515,HIGH,223.0042641038249,Production Anomaly,egauge90773,i51
2026-06-20,853,2026-06-20 05:52:34+00:00,2026-06-20 06:00:23+00:00,469.0,0.0063965884725019,3,-0.3475470127497515,HIGH,142.0042641038249,Production Anomaly,egauge90773,i51
2026-06-20,854,2026-06-20 06:13:23+00:00,2026-06-20 06:29:33+00:00,970.0,0.0123711340078648,12,-0.3486360043873541,HIGH,295.9045908013162,Production Anomaly,egauge90773,i51
2026-06-20,855,2026-06-20 06:41:38+00:00,2026-06-20 06:46:48+00:00,310.0,0.0096774193236212,3,-0.3486360043873541,HIGH,94.3045908013162,Production Anomaly,egauge90773,i51
2026-06-20,856,2026-06-20 06:57:23+00:00,2026-06-20 07:44:32+00:00,2829.0,0.0084835630935017,24,-0.3486360043873541,HIGH,858.4045908013162,Production Anomaly,egauge90773,i51
2026-06-20,857,2026-06-20 07:51:12+00:00,2026-06-20 08:16:47+00:00,1535.0,0.0097719869643179,15,-0.3486360043873541,HIGH,466.6045908013162,Production Anomaly,egauge90773,i51
2026-06-20,858,2026-06-20 08:24:42+00:00,2026-06-20 08:25:02+00:00,20.0,0.0999999950000002,2,-0.3488341531434455,HIGH,6.904650245943033,Production Anomaly,egauge90773,i51
2026-06-20,859,2026-06-20 09:09:42+00:00,2026-06-20 09:10:02+00:00,20.0,0.0999999950000002,2,-0.3488341531434455,HIGH,6.904650245943033,Production Anomaly,egauge90773,i51
2026-06-20,860,2026-06-20 09:16:42+00:00,2026-06-20 09:16:42+00:00,0.0,1000000.0,1,-0.3472502576337127,HIGH,0.5041750772901139,Production Anomaly,egauge90773,i51
2026-06-20,861,2026-06-20 09:33:14+00:00,2026-06-20 09:33:14+00:00,0.0,1000000.0,1,-0.3482398456297474,HIGH,0.5044719536889243,Production Anomaly,egauge90773,i51
2026-06-20,862,2026-06-20 09:41:12+00:00,2026-06-20 09:45:46+00:00,274.0,0.014598540092706,4,-0.3475470127497515,HIGH,83.90426410382493,Production Anomaly,egauge90773,i51
2026-06-20,863,2026-06-20 09:53:42+00:00,2026-06-20 10:03:16+00:00,574.0,0.0121951219299736,7,-0.3482398456297474,HIGH,175.10447195368891,Production Anomaly,egauge90773,i51
2026-06-20,864,2026-06-20 10:09:26+00:00,2026-06-20 10:12:56+00:00,210.0,0.014285714217687,3,-0.3492305894642054,HIGH,64.30476917683926,Production Anomaly,egauge90773,i51
2026-06-20,865,2026-06-20 10:24:46+00:00,2026-06-20 10:24:46+00:00,0.0,1000000.0,1,-0.3484379018863872,HIGH,0.5045313705659162,Production Anomaly,egauge90773,i51
2026-06-20,866,2026-06-20 10:34:21+00:00,2026-06-20 10:36:07+00:00,106.0,0.0283018865254539,3,-0.3486360043873541,HIGH,33.104590801316206,Production Anomaly,egauge90773,i51
2026-06-20,867,2026-06-20 10:49:36+00:00,2026-06-20 10:53:01+00:00,205.0,0.0097560975133848,2,-0.3472502576337127,HIGH,62.40417507729011,Production Anomaly,egauge90773,i51
2026-06-20,868,2026-06-20 11:01:01+00:00,2026-06-20 11:06:11+00:00,310.0,0.0064516128824141,2,-0.3475470127497515,HIGH,93.90426410382491,Production Anomaly,egauge90773,i51
2026-06-20,869,2026-06-20 11:23:25+00:00,2026-06-20 11:23:25+00:00,0.0,1000000.0,1,-0.3470524786164258,HIGH,0.5041157435849277,Production Anomaly,egauge90773,i51
2026-06-20,870,2026-06-20 11:36:25+00:00,2026-06-20 11:36:25+00:00,0.0,1000000.0,1,-0.3472502576337127,HIGH,0.5041750772901139,Production Anomaly,egauge90773,i51
2026-06-20,871,2026-06-20 11:44:45+00:00,2026-06-20 11:48:15+00:00,210.0,0.009523809478458,2,-0.3486360043873541,HIGH,63.9045908013162,Production Anomaly,egauge90773,i51
2026-06-20,872,2026-06-20 12:06:46+00:00,2026-06-20 12:22:55+00:00,969.0,0.0082559339440083,8,-0.3486360043873541,HIGH,294.00459080131617,Production Anomaly,egauge90773,i51
2026-06-20,873,2026-06-20 12:40:20+00:00,2026-06-20 12:40:20+00:00,0.0,1000000.0,1,-0.3475470127497515,HIGH,0.5042641038249255,Production Anomaly,egauge90773,i51
2026-06-20,874,2026-06-20 12:50:50+00:00,2026-06-20 13:03:05+00:00,735.0,0.0163265305900319,12,-0.3488341531434455,HIGH,225.40465024594303,Production Anomaly,egauge90773,i51
2026-06-20,875,2026-06-20 13:18:34+00:00,2026-06-20 13:28:39+00:00,605.0,0.0148760330332627,9,-0.3484379018863872,HIGH,185.20453137056592,Production Anomaly,egauge90773,i51
2026-06-20,876,2026-06-20 13:36:29+00:00,2026-06-20 13:39:09+00:00,160.0,0.012499999921875,2,-0.3475470127497515,HIGH,48.90426410382492,Production Anomaly,egauge90773,i51
2026-06-20,877,2026-06-20 13:54:39+00:00,2026-06-20 14:15:44+00:00,1265.0,0.0071146245003046,9,-0.3487350729828342,HIGH,383.20462052189487,Production Anomaly,egauge90773,i51
2026-06-20,878,2026-06-20 14:22:34+00:00,2026-06-20 14:22:34+00:00,0.0,1000000.0,1,-0.3484379018863872,HIGH,0.5045313705659162,Production Anomaly,egauge90773,i51
2026-06-20,879,2026-06-20 14:37:39+00:00,2026-06-20 14:37:59+00:00,20.0,0.0999999950000002,2,-0.3484379018863872,HIGH,6.904531370565916,Production Anomaly,egauge90773,i51
2026-06-21,880,2026-06-21 02:59:16+00:00,2026-06-21 03:01:58+00:00,162.0,0.0185185184042066,3,-0.356498162600653,HIGH,49.9069494487802,Production Anomaly,egauge90773,i51
2026-06-21,881,2026-06-21 04:13:32+00:00,2026-06-21 04:23:11+00:00,579.0,0.0138169257101607,8,-0.3484379018863872,HIGH,177.0045313705659,Production Anomaly,egauge90773,i51
2026-06-21,882,2026-06-21 04:29:54+00:00,2026-06-21 04:38:56+00:00,542.0,0.0073800737871216,4,-0.3488341531434455,HIGH,164.304650245943,Production Anomaly,egauge90773,i51
2026-06-21,883,2026-06-21 04:57:26+00:00,2026-06-21 05:06:21+00:00,535.0,0.0112149532500655,6,-0.3491314630295673,HIGH,163.00473943890887,Production Anomaly,egauge90773,i51
2026-06-21,884,2026-06-21 05:19:56+00:00,2026-06-21 05:33:40+00:00,824.0,0.0145631067784428,12,-0.3488341531434455,HIGH,252.10465024594305,Production Anomaly,egauge90773,i51
2026-06-21,885,2026-06-21 05:46:16+00:00,2026-06-21 05:46:16+00:00,0.0,1000000.0,1,-0.3482398456297474,HIGH,0.5044719536889243,Production Anomaly,egauge90773,i51
2026-06-21,886,2026-06-21 06:01:56+00:00,2026-06-21 06:07:26+00:00,330.0,0.0151515151056014,5,-0.3484379018863872,HIGH,101.10453137056592,Production Anomaly,egauge90773,i51
2026-06-21,887,2026-06-21 06:13:40+00:00,2026-06-21 06:17:21+00:00,221.0,0.0180995474294138,4,-0.3475470127497515,HIGH,68.00426410382492,Production Anomaly,egauge90773,i51
2026-06-21,888,2026-06-21 06:29:15+00:00,2026-06-21 06:29:15+00:00,0.0,1000000.0,1,-0.3482398456297474,HIGH,0.5044719536889243,Production Anomaly,egauge90773,i51
2026-06-21,889,2026-06-21 06:36:45+00:00,2026-06-21 06:56:15+00:00,1170.0,0.010256410247644,12,-0.3486360043873541,HIGH,355.9045908013162,Production Anomaly,egauge90773,i51
2026-06-21,890,2026-06-21 07:02:30+00:00,2026-06-21 07:03:45+00:00,75.0,0.0266666663111111,2,-0.3475470127497515,HIGH,23.404264103824925,Production Anomaly,egauge90773,i51
2026-06-21,891,2026-06-21 07:12:45+00:00,2026-06-21 07:29:30+00:00,1005.0,0.0059701492477908,6,-0.3486360043873541,HIGH,304.00459080131617,Production Anomaly,egauge90773,i51
2026-06-21,892,2026-06-21 07:41:55+00:00,2026-06-21 08:06:14+00:00,1459.0,0.0061686086318241,9,-0.3475470127497515,HIGH,441.4042641038249,Production Anomaly,egauge90773,i51
2026-06-21,893,2026-06-21 08:19:09+00:00,2026-06-21 08:38:59+00:00,1190.0,0.0075630252037285,9,-0.3491314630295673,HIGH,360.7047394389089,Production Anomaly,egauge90773,i51
2026-06-21,894,2026-06-21 08:54:54+00:00,2026-06-21 08:54:54+00:00,0.0,1000000.0,1,-0.3475470127497515,HIGH,0.5042641038249255,Production Anomaly,egauge90773,i51
2026-06-21,895,2026-06-21 09:10:59+00:00,2026-06-21 09:11:59+00:00,60.0,0.0333333327777777,2,-0.3482398456297474,HIGH,18.90447195368893,Production Anomaly,egauge90773,i51
2026-06-21,896,2026-06-21 09:18:54+00:00,2026-06-21 09:18:54+00:00,0.0,1000000.0,1,-0.3472502576337127,HIGH,0.5041750772901139,Production Anomaly,egauge90773,i51
2026-06-21,897,2026-06-21 09:24:54+00:00,2026-06-21 09:24:54+00:00,0.0,1000000.0,1,-0.3472502576337127,HIGH,0.5041750772901139,Production Anomaly,egauge90773,i51
2026-06-21,898,2026-06-21 09:34:29+00:00,2026-06-21 09:45:09+00:00,640.0,0.0078124999877929,5,-0.3475470127497515,HIGH,194.10426410382493,Production Anomaly,egauge90773,i51
2026-06-21,899,2026-06-21 09:51:18+00:00,2026-06-21 09:51:18+00:00,0.0,1000000.0,1,-0.3470524786164258,HIGH,0.5041157435849277,Production Anomaly,egauge90773,i51
2026-06-21,900,2026-06-21 09:58:19+00:00,2026-06-21 10:17:33+00:00,1154.0,0.0069324090061244,8,-0.3484379018863872,HIGH,349.50453137056587,Production Anomaly,egauge90773,i51
2026-06-21,901,2026-06-21 10:24:23+00:00,2026-06-21 10:39:59+00:00,936.0,0.0064102564034078,6,-0.3486360043873541,HIGH,283.3045908013162,Production Anomaly,egauge90773,i51
2026-06-21,902,2026-06-21 10:45:58+00:00,2026-06-21 10:55:53+00:00,595.0,0.0067226890643316,4,-0.3486360043873541,HIGH,180.2045908013162,Production Anomaly,egauge90773,i51
2026-06-21,903,2026-06-21 11:10:53+00:00,2026-06-21 11:16:48+00:00,355.0,0.0140845070025788,5,-0.3475470127497515,HIGH,108.60426410382492,Production Anomaly,egauge90773,i51
2026-06-21,904,2026-06-21 11:23:58+00:00,2026-06-21 11:23:58+00:00,0.0,1000000.0,1,-0.3475470127497515,HIGH,0.5042641038249255,Production Anomaly,egauge90773,i51
2026-06-21,905,2026-06-21 11:32:28+00:00,2026-06-21 11:38:03+00:00,335.0,0.01791044770773,6,-0.3475470127497515,HIGH,103.00426410382494,Production Anomaly,egauge90773,i51
2026-06-21,906,2026-06-21 12:05:02+00:00,2026-06-21 12:12:52+00:00,470.0,0.0063829787098234,3,-0.3484379018863872,HIGH,142.3045313705659,Production Anomaly,egauge90773,i51
2026-06-21,907,2026-06-21 12:19:57+00:00,2026-06-21 12:19:57+00:00,0.0,1000000.0,1,-0.3475470127497515,HIGH,0.5042641038249255,Production Anomaly,egauge90773,i51
2026-06-21,908,2026-06-21 12:25:52+00:00,2026-06-21 12:32:32+00:00,400.0,0.009999999975,4,-0.3488341531434455,HIGH,121.70465024594304,Production Anomaly,egauge90773,i51
2026-06-21,909,2026-06-21 14:00:56+00:00,2026-06-21 14:00:57+00:00,1.0,1.999998000002,2,-0.3569982114019134,HIGH,1.207099463420574,Production Anomaly,egauge90773,i51
2026-06-21,910,2026-06-21 14:13:16+00:00,2026-06-21 14:13:16+00:00,0.0,1000000.0,1,-0.3473491644590301,HIGH,0.5042047493377091,Production Anomaly,egauge90773,i51
2026-06-22,911,2026-06-22 06:40:12+00:00,2026-06-22 06:41:55+00:00,103.0,0.0388349510792723,4,-0.3516130985694872,HIGH,32.605483929570845,Production Anomaly,egauge90773,i51
2026-06-22,912,2026-06-22 07:40:19+00:00,2026-06-22 07:41:59+00:00,100.0,0.0399999996,4,-0.3481408348396766,HIGH,31.704442250451905,Production Anomaly,egauge90773,i51
2026-06-22,913,2026-06-22 08:00:02+00:00,2026-06-22 08:00:03+00:00,1.0,1.999998000002,2,-0.3483388679782012,HIGH,1.2045016603934604,Production Anomaly,egauge90773,i51
2026-06-22,914,2026-06-22 10:45:59+00:00,2026-06-22 10:46:00+00:00,1.0,1.999998000002,2,-0.3581995199776895,HIGH,1.207459855993307,Production Anomaly,egauge90773,i51
2026-06-22,915,2026-06-22 11:01:30+00:00,2026-06-22 11:01:31+00:00,1.0,1.999998000002,2,-0.3585001101466989,HIGH,1.2075500330440097,Production Anomaly,egauge90773,i51
2026-06-22,916,2026-06-22 11:57:45+00:00,2026-06-22 13:46:39+00:00,6534.0,0.0197428833762254,129,-0.3513149197781228,HIGH,2011.9053944759328,Production Anomaly,egauge90773,i51
2026-06-22,917,2026-06-22 13:53:45+00:00,2026-06-22 15:50:59+00:00,7034.0,0.017344327549425,122,-0.3510168453893232,HIGH,2159.1053050536166,Production Anomaly,egauge90773,i51
2026-07-15,918,2026-07-15 16:59:20+00:00,2026-07-15 16:59:20+00:00,0.0,1000000.0,1,-0.3459891443654541,HIGH,0.5037967433096363,Production Anomaly,egauge112080,i11
2026-07-19,919,2026-07-19 19:25:08+00:00,2026-07-20 07:23:34+00:00,43106.0,0.0001623903864853,7,-0.2323349896736178,HIGH,12934.6697004969,Production Anomaly,egauge112080,i11
2026-07-25,920,2026-07-25 05:13:44+00:00,2026-07-25 07:16:40+00:00,7376.0,0.0027114967458362,20,-0.385620927832884,HIGH,2220.9156862783498,Production Anomaly,egauge112080,i11
2026-07-15,921,2026-07-15 16:59:20+00:00,2026-07-15 16:59:20+00:00,0.0,1000000.0,1,-0.3036458202164168,HIGH,0.491093746064925,Production Anomaly,egauge112080,i21
2026-07-18,922,2026-07-18 05:26:00+00:00,2026-07-18 06:05:32+00:00,2372.0,0.0012647554800738,3,-0.3813446076744801,HIGH,712.9144033823025,Production Anomaly,egauge112080,i21
2026-07-25,923,2026-07-25 05:13:46+00:00,2026-07-25 07:18:55+00:00,7509.0,0.0031961646020513,24,-0.3417328634451065,HIGH,2262.4025198590334,Production Anomaly,egauge112080,i21
2026-07-15,924,2026-07-15 10:39:33+00:00,2026-07-18 19:26:21+00:00,290808.0,7.56512888226058e-05,22,-0.3937864685842448,HIGH,87251.31813594057,Production Anomaly,egauge112080,i31
2026-07-20,925,2026-07-20 19:20:53+00:00,2026-07-20 19:20:53+00:00,0.0,1000000.0,1,-0.2165480987582296,HIGH,0.4649644296274689,Production Anomaly,egauge112080,i31
2026-07-25,926,2026-07-25 05:13:46+00:00,2026-07-25 10:46:26+00:00,19960.0,0.0008517034067709,17,-0.3193424086337628,HIGH,5994.89580272259,Production Anomaly,egauge112080,i31
2026-07-16,927,2026-07-16 00:24:44+00:00,2026-07-16 04:36:12+00:00,15088.0,0.0007290562035571,11,-0.3963020085228448,HIGH,4530.9188906025565,Production Anomaly,egauge112080,i41
2026-07-17,928,2026-07-17 04:31:52+00:00,2026-07-18 04:43:13+00:00,87081.0,5.741780640946455e-05,5,-0.2121524644212898,HIGH,26126.36364573933,Production Anomaly,egauge112080,i41
2026-07-19,929,2026-07-19 14:41:21+00:00,2026-07-20 21:27:29+00:00,110768.0,0.0002076411960114,23,-0.266644082994572,HIGH,33239.6799932249,Production Anomaly,egauge112080,i41
2026-07-25,930,2026-07-25 09:58:21+00:00,2026-07-25 09:58:31+00:00,10.0,1.099999890000011,11,-0.3688545670394549,HIGH,7.510656370111837,Production Anomaly,egauge112080,i41
2026-07-15,931,2026-07-15 19:54:30+00:00,2026-07-16 08:14:52+00:00,44422.0,0.0004277159965686,19,-0.3966011563360138,HIGH,13334.3189803469,Production Anomaly,egauge112080,i51
2026-07-17,932,2026-07-17 08:27:09+00:00,2026-07-18 00:27:45+00:00,57636.0,0.0002082032063257,12,-0.2051067422701959,HIGH,17295.66153202268,Production Anomaly,egauge112080,i51
2026-07-18,933,2026-07-18 17:08:21+00:00,2026-07-20 02:54:13+00:00,121552.0,8.226931683491618e-05,10,-0.1989825787016158,MEDIUM,36469.65969477361,Production Anomaly,egauge112080,i51
2026-07-20,934,2026-07-20 16:34:13+00:00,2026-07-20 20:23:01+00:00,13728.0,0.0009469696969007,13,-0.1842607290334461,MEDIUM,4123.655278218709,Production Anomaly,egauge112080,i51
2026-07-25,935,2026-07-25 09:58:23+00:00,2026-07-25 09:58:33+00:00,10.0,1.099999890000011,11,-0.342733701070773,HIGH,7.502820110321232,Production Anomaly,egauge112080,i51
